Date,ret_1,ret_3,ret_5,ma_dist_10,ma_dist_20,mfi_14,atr_14,rolling_vol_20,vol_change_5
2024-06-13,-0.002796631660383897,-0.008951145961154759,0.01644663466603452,-0.01941132572708995,-0.03888514864991635,0.20992934216636427,0.0685683360082026,0.05758059997942455,0.2845325917916363
2024-06-14,0.0021104460615149864,0.0019139821238893355,-0.0002451160666164846,-0.007489094701956306,-0.036344958198318095,0.25455053394318883,0.06702293536286588,0.05754231696098312,0.702879117026488
2024-06-18,0.006597195393008853,0.005911009794139808,-0.00024350450663108457,0.018448287726369653,-0.029572211511234674,0.28831635822662977,0.06393118148754454,0.05755597606658079,1.1066125000030969
2024-06-19,-0.01848359004676418,-0.009775948592240407,-0.009972412529865977,-0.003185067114642966,-0.04492251733940166,0.2809516664518668,0.06602401508980624,0.05736521874917941,1.3437274391485525
2024-06-20,0.008645231071126264,-0.0032411635826291767,-0.0039273491814981075,-0.0009337128092945275,-0.03340298390848082,0.2419435854835659,0.06535378706010427,0.05709803588236581,0.972186360856209
2024-06-21,-0.005870629073214399,-0.015708988048852412,-0.007001346594328721,-0.007708187611449122,-0.034975060770175724,0.08924161218268167,0.06364990972187715,0.05699123698632199,0.8633354822892737
2024-06-24,0.006608182886612364,0.009382784884524238,-0.002503609769231204,-0.0008545233547715285,-0.02441012599907183,-0.12429740568686469,0.05629672554818883,0.05699294367105426,0.8239791501083793
2024-06-25,-0.0030027714847623136,-0.002265217671364361,-0.01210357664700244,-0.0026158875808847864,-0.023112217825609474,0.13590321107840808,0.0405315808355458,0.056991589608382555,2.1987205773664393
2024-06-26,-0.009013121656525616,-0.005407710254675557,-0.0026331082567637794,-0.010324126526448929,-0.027992036710777178,0.4896524157136233,0.029520861563080578,0.05694968595187938,2.108384675113239
2024-06-27,0.007039177099366549,-0.004976716041921349,-0.004239162228523278,-0.0025178419061616846,-0.017634434222742478,0.39607116833736344,0.025404343691825784,0.05700223455164495,1.680381043187718
2024-06-28,-0.01477973380223627,-0.016753678359395167,-0.013148266957545125,-0.015181835556604614,-0.027222387499559925,0.14369500741049124,0.023598241482463717,0.05692258929603805,0.3514862535854014
2024-07-01,0.0018532339905307435,-0.005887322712338839,-0.017903215853626763,-0.011344006378651378,-0.019507778188247032,0.02630168242183288,0.020537849008690528,0.05662657189780399,0.2127164399317655
2024-07-02,0.02524898835627449,0.012322488544569028,0.010348543987409996,0.014116985878931003,0.015388120291425604,0.21848068433495116,0.023312294225181236,0.05308021578683393,1.2155065701306107
2024-07-03,0.010145917194370318,0.03724813954117539,0.02950758283830573,0.021683091356262153,0.02282378339282183,0.2995855249904133,0.02349786665003665,0.016616019588651942,0.554310680090833
2024-07-04,-0.009073084165464611,0.026321821385179994,0.013395321573474476,0.011521779458056552,0.009886201307919382,0.2854776670540349,0.02441527852293244,0.015371767533989191,0.7114560663325332
2024-07-05,-0.012950832148281133,-0.011877999119375551,0.01522422322742957,-0.0017005244537781283,-0.003677215221495403,0.21931169910155063,0.024215093101611535,0.011183352974602765,0.582427799694453
2024-07-08,-0.014171938196721025,-0.03619585451046676,-0.0008009489598221829,-0.013916159147044131,-0.01665014688837836,0.13963992241858464,0.025301184227673426,0.01077821181096897,0.6365294773538834
2024-07-09,0.005045331481403537,-0.02207743886359863,-0.021004605834693067,-0.00787509000726592,-0.01053849975271479,0.23860337497880038,0.025469259649554994,0.010725608526776158,1.0950796356596268
2024-07-10,-0.00019934440272777835,-0.009325951118045331,-0.03134986743179106,-0.007891378607171415,-0.01002311627698421,0.1692352382412055,0.02576268502228251,0.010575917139182312,0.84649073675823
2024-07-11,-0.0020454373970066144,0.0028005496816691285,-0.02432222066333315,-0.008840432996799612,-0.011104324051677767,0.2280188953914076,0.025201887205893517,0.010550087111413845,0.5710545005717953
2024-07-12,0.0035892118151972033,0.0013444300154629005,-0.0077821766998546465,-0.006009657185142822,-0.00691837537757581,0.2195476885268147,0.023885337592164633,0.010587971127062001,0.7570602121821991
2024-07-15,0.008423814842246314,0.00996758926043697,0.014813576339112603,0.0010026724063113728,0.001804283638220151,0.14909389464220268,0.02428767886209011,0.0107667470958779,1.4404483938638968
2024-07-16,0.008793760837288599,0.020806787494732158,0.01856200569499791,0.010093526870166177,0.010867632921245289,0.4684866190355041,0.024661973175527558,0.010851884489797447,1.5866407530053543
2024-07-18,-0.01161029199970738,0.005607283679827517,0.007151058098018188,0.0008815806308624084,-0.0009343391687964755,0.23317157258841462,0.02528928501252145,0.01033945781116874,0.866896970469914
2024-07-19,0.00024738391337114375,-0.002569147249047472,0.009443879408396102,0.002633815815287843,-0.00040053859169384895,0.22366970477211112,0.024661113576659528,0.010144288873451517,1.076237821066055
2024-07-22,0.0003462105497051644,-0.011016697536630883,0.006200878142904106,0.003140223457397928,-7.913026655795229e-05,0.19371708717568112,0.026136183286695973,0.010059051562019496,0.8920917232682319
2024-07-23,0.012531800392104204,0.013125394855180644,0.010308863692762064,0.013236992149807057,0.012202677469263103,0.09804845532617691,0.025395572603088987,0.010346207822188237,1.461379153928176
2024-07-24,0.012038945158163885,0.02491695609997346,0.013554048013637398,0.022195873937914112,0.0233492479870995,0.09492978722240367,0.025436335668972583,0.010634573764586892,0.998168179208834
2024-07-25,0.013372906081094031,0.03794365163136207,0.03853724609443851,0.03118650830269379,0.03482427936312114,0.26374318833464044,0.025584769016929545,0.010695031236374703,1.106484801135512
2024-07-26,0.0017125038947716198,0.02712435513402927,0.04000236607583895,0.02783188600420702,0.03457173808447333,0.6297298808927545,0.03191011182497535,0.010634129500780702,3.281492851245363
2024-07-29,0.0,0.015085409975865395,0.03965615552613359,0.02311848597525565,0.03180145518316375,0.3400156924446304,0.034415664514663394,0.00990033590106762,1.4506610855294808
2024-07-30,0.06704862626784358,0.06876113016261509,0.09417298140187291,0.0823215069020807,0.09659419348774011,0.5205884638138807,0.03537456678434051,0.01746333418073611,1.8930519265352979
2024-07-31,0.011622149855173404,0.078670776123017,0.09375618609888259,0.08290836040399224,0.10332028848773193,0.6126704147578877,0.03592924781178744,0.01692730851127979,0.8346419710491129
2024-08-01,0.11378667638811621,0.1924574525111331,0.1941699564059047,0.18359558395504383,0.22206751525281557,0.8033477544191407,0.04414433622528287,0.029615681581084335,2.6465657121222894
2024-08-02,-0.010563679111480742,0.11484514713180871,0.1818937733996524,0.14448465740344119,0.19570732636338858,0.8297019275819363,0.048422887446079255,0.02966916070058806,0.8235489150588859
2024-08-05,-0.08489549080215525,0.01832750647448009,0.09699828259749702,0.03740231847066558,0.09081752803772485,0.6720606715840008,0.057920556848979364,0.03627020230484933,0.5637277957612075
2024-08-06,-0.02999414912052647,-0.12545331903416254,-4.449279087299746e-05,-0.0022751290967882387,0.05232382285319525,0.45561599656215435,0.06314175592953655,0.036917423878863924,0.9477548253028882
2024-08-07,0.006027094538372924,-0.10886254538430885,-0.0056395481076735605,-0.00467032539045657,0.05237464676917055,0.48642522848307407,0.06449495532969879,0.036916792799511836,0.3195907937329562
2024-08-08,-0.02704931701463825,-0.051016371596791885,-0.14647554151042788,-0.0355839201901769,0.019634486796976113,0.4577944503981996,0.06757650849774957,0.03763575178125454,0.39289118320760635
2024-08-09,0.002131367006828106,-0.01889085546943715,-0.13378049539211898,-0.03789409790318371,0.01698043413200086,0.4797026823249632,0.06730321246214827,0.03760811007290033,0.4044417339177882
2024-08-12,-0.03766371689983988,-0.06258166690765005,-0.08654872148980364,-0.07434821620002446,-0.023229312150168473,0.3900036819505806,0.07052816137993885,0.03879505764204262,1.1648487001658103
2024-08-13,0.007731091570041702,-0.027801258322970084,-0.048823480799235514,-0.0627857047266404,-0.01826237839835365,0.4161431103969727,0.07277880460545508,0.0387900957702839,1.3713791162451137
2024-08-14,0.03886157064390604,0.008928945314107671,-0.0159890046937024,-0.023566993701902676,0.016381434976386094,0.42998808376059655,0.0708962528347343,0.03960942745324713,0.9146241461974776
2024-08-16,-0.025831270113486942,0.020761392100460664,-0.014770957792550981,-0.03235581053173411,-0.012908179868952086,0.3481955635485394,0.06980625638964649,0.040035129098150844,0.7426483267480759
2024-08-19,0.0066579667623567415,0.01968826729277568,-0.010244358037022554,-0.010967083764314116,-0.009999183347799135,0.3836806049268461,0.06701884672900867,0.040032764044863105,0.4244543346859044
2024-08-20,0.0067048305549256455,-0.012468472796204718,0.034124189417742985,0.0010512148698237243,-0.0073350841744117025,0.3341007586209787,0.06231086597305295,0.040028358132730396,0.3495090002886794
2024-08-21,-0.010510538419450991,0.0028522588978311964,0.015882559428250387,-0.00611815150971087,-0.02056901913510763,0.2733899868787772,0.06274610674973925,0.04010780405257469,0.8563066552848677
2024-08-22,-0.009833215712995877,-0.013638923577521316,-0.032812226928651544,-0.010975405987320797,-0.0319625301863851,-0.1416504005004046,0.04990224828460003,0.04014824487449902,0.9655625973918566
2024-08-23,-0.01129057010997689,-0.03163432424242377,-0.018271526925141536,-0.018855931015197343,-0.04349658389993598,-0.388936306239753,0.04699010213532016,0.040158202430091036,0.8786030812768042
2024-08-26,-0.011609426122328754,-0.0327332119453016,-0.03653891980982705,-0.025654813385767316,-0.054596231336311724,-0.32033593528703674,0.04235127811971733,0.040251469302428663,1.0354923706055572
2024-08-28,-0.02518753788767732,-0.04808753411998294,-0.0684312882524298,-0.04672852642464234,-0.07708410468864611,-0.1398181260921497,0.03938081344134506,0.04064575865982859,1.0402581400887523
2024-08-29,-0.02269640693624416,-0.0594933709462502,-0.0806171567692231,-0.062276772247945075,-0.09287201188068678,-0.3765214996957789,0.04014256281735794,0.03755155525985883,2.4096132652920828
2024-08-30,0.003281184975258414,-0.04460275984866305,-0.06750275608096873,-0.049761583754605425,-0.08448766439958709,-0.26953682598757256,0.03883760946111198,0.037395274443676164,0.7588511864599534
2024-09-02,0.026158681035658066,0.0067434590746724395,-0.030053504935333788,-0.019842975812090147,-0.04981338559792471,-0.25818186282134564,0.038857119517963654,0.026010213880730337,0.9402462149615247
2024-09-03,-0.004749705617140762,0.024690160393775782,-0.023193784430145754,-0.01859449683238776,-0.044100791082788325,-0.0878711273292663,0.03614805267140058,0.026041683086655498,0.46670851096182053
2024-09-04,-0.000583123359211807,0.02082585205930541,0.0014106300983198052,-0.01245237438871382,-0.038833092874050734,-0.3156509434676991,0.03332893694610967,0.019250168855034173,0.3894155715126994
2024-09-05,-0.020776232691044273,-0.02610906166739687,0.0033308043435195914,-0.02518201392694742,-0.05340426405623447,-0.5176720479687799,0.033149468117023365,0.018748570416157996,0.683721349257613
2024-09-06,-0.022180793684991307,-0.043540149735247405,-0.02213117431673007,-0.0379649359703076,-0.06776195689391662,-0.48722261007395984,0.0313267972309668,0.01889530516810615,1.0144473175367104
2024-09-09,0.021783648567770746,-0.021173377808264674,-0.026506206784617375,-0.011120658044188304,-0.042957859015359826,-0.32204462225662894,0.031662500149679786,0.019308121291503045,1.707889743860019
2024-09-10,0.0068776523538124,0.006480507236591966,-0.01487884881366414,-0.0004337272175886822,-0.03222342849643888,-0.31878356033440014,0.03141026672896414,0.01942248857014898,0.8066883863208361
2024-09-11,-0.015804736919125408,0.012856564002457882,-0.030100462373577736,-0.013281804347039423,-0.044439201112098446,-0.2808457497838734,0.03066541661669,0.01800622397826433,0.4234556265937605
2024-09-12,0.010068406524275115,0.0011413219589620556,0.0007441768417415415,-0.0037007711360780137,-0.031847610782055606,-0.19344354680672296,0.030152754024370974,0.018087960789725573,0.49806094828557496
2024-09-13,-0.025007604384518604,-0.030743934779368928,-0.0020826338577856645,-0.025987209892936576,-0.04980940466150185,-0.19506547351200568,0.031134234790794996,0.015794868002551442,1.1789285330512325
2024-09-16,-0.0028516037353586046,-0.01779080159560208,-0.02671788616091507,-0.02357655595963702,-0.047693046204627956,-0.19387144492224606,0.03103009202609365,0.015114851761335577,1.4854840403715415
2024-09-17,0.008631685986311203,-0.01922752213356597,-0.024963852528416375,-0.011153264001549977,-0.034582726903110705,-0.17458271903151087,0.029896726364450933,0.015201699663862478,1.0883270672200291
2024-09-18,-0.009243781066088705,-0.003463698815136226,-0.018402896675379695,-0.015457856977921193,-0.03783035322825347,-0.040859275487445924,0.02819529975296749,0.014973147295404244,1.7179121437499856
2024-09-19,-0.0009189080261129597,-0.0015310031058905773,-0.029390211225767755,-0.013542376755757842,-0.0335231194604656,-0.2619252241968701,0.028877867271860883,0.014967134225463332,1.5506906316592701
2024-09-20,0.02834822063466359,0.01818553154246168,0.02396561379341426,0.01259779933842182,-0.002256201591585996,-0.1711195774617268,0.02793597746830086,0.016693507212095733,1.6910544346733918
2024-09-23,0.018494380841497078,0.04592369345004758,0.04531159837026999,0.02954305896118234,0.01837073443957842,-0.1291716701792855,0.027897495165647233,0.017269983597272782,0.7907043668534719
2024-09-24,0.024265861130513523,0.07110846260667426,0.060945773514472404,0.050913568861068736,0.04349857619928913,0.06269287028601198,0.028625114755348333,0.01805357506383008,1.1799154824002211
2024-09-25,-0.006633830922010214,0.03612641105000055,0.06355572365855103,0.03917553997315448,0.03572257078020743,0.06410403054127144,0.02753987977207618,0.01715097445617324,0.34652014758998645
2024-09-26,-0.007208450985679822,0.01042357922282345,0.057266180698984134,0.028793680527979083,0.02662365007203947,0.09872473037266204,0.026836529258036063,0.016364766060794025,0.24734460220661553
2024-09-27,-0.025894201111765644,-0.03973648301945571,0.0030237589525549916,-0.00017318489720171665,0.00024260742857360577,-0.048324088440580934,0.028537486969265335,0.017469834523219877,0.7903430962635635
2024-09-30,-0.0005445828121788937,-0.03364723490962437,-0.016015204701120986,-0.003592231184540879,0.0009095893667051243,-0.13577163684504853,0.02895982099083568,0.0163618389011564,0.6828501335463512
2024-10-01,0.029713078580734055,0.003274294656789592,-0.010567987250900487,0.021307916162123255,0.030539155489784097,0.03125477999419459,0.02953355699673728,0.017725792011900242,2.387463931991688
2024-10-03,-0.023591162475802,0.005577333292753191,-0.02752531880469224,-0.006012762776522848,0.007148221712203551,-0.021979802338334055,0.03080811374527083,0.018529981299219286,0.5861740614480863
2024-10-04,-0.053687182715463785,-0.04756526661053166,-0.07400405053447622,-0.05646970180823287,-0.043377162269151184,-0.11669989999538742,0.03521533570825761,0.02161785259594172,2.0016808403923445
2024-10-07,-0.03010321156018211,-0.1073815567514479,-0.07821306098289268,-0.07785699630959235,-0.06938054104923642,-0.17076620605307638,0.03857769215562173,0.02206977206786817,1.3753891938346186
2024-10-08,0.0753381896952335,-0.008452204580412431,-0.0023302884754803363,-0.003866658453881656,0.0034267659882419635,-0.007127417381748273,0.04117796926785365,0.027718331900125806,1.2761491422791393
2024-10-09,-0.02411450145831004,0.021120476676741273,-0.056157868514524534,-0.021031933949013093,-0.018980875683401743,0.10513294435779699,0.04370486923392078,0.028176850545136807,0.5090821789608333
2024-10-10,0.00663914246137432,0.0578628306982978,-0.025927563577348108,-0.009149255485826268,-0.012039492853946865,0.14481054660656895,0.043891928356169965,0.028025239245009975,0.5439038786760668
2024-10-11,-0.013271481533599834,-0.03074684053053557,0.014488137604515785,-0.01631420564258777,-0.023534444507939973,-0.005271958963890597,0.04306334896039614,0.028051659409685955,0.37437888530405394
2024-10-14,0.005716671944791388,-0.000915667127434009,0.05030802110948949,-0.00789720541060139,-0.017892147277243094,-0.03574412680373939,0.04319232142819423,0.027537848363143373,0.6121794759535513
2024-10-15,0.022445698373869553,0.014890888785061288,-0.002584470211874483,0.015130484127304025,0.0031877116301262873,-0.09533658857229625,0.041408945392025415,0.02797962153602101,1.4340653003359896
2024-10-16,0.027439335757609852,0.05560170607627098,0.04896936700404555,0.04415663177078173,0.028853558550784343,0.034345773101715625,0.041484801570541,0.028552070474170608,1.5352328391839842
2024-10-17,-0.01070934612366944,0.03917568800781003,0.03162087841900166,0.03242857495573391,0.015781351376387715,0.009166548563947713,0.04231249698837592,0.02858473895509683,0.7889185789414552
2024-10-18,0.02096982202340197,0.03769981165734247,0.06586218197600353,0.045794259200086916,0.03400178900272721,0.11508266990894925,0.04054783928820899,0.028881121147828676,1.0263417487047493
2024-10-21,-0.024991048113473042,-0.014730572213740443,0.035154461917739056,0.011531369967763015,0.007961754677652737,0.12639264929350857,0.042697082220697895,0.028897500497222367,0.40119197734408485
2024-10-22,-0.007595984383596919,-0.011617210473667998,0.005112779160272474,0.0036224931156544774,0.0011326151724520327,-0.10117390764567374,0.04391387190179626,0.02863074329176702,1.6778716999678027
2024-10-23,-0.028373191253467926,-0.06096022375053798,-0.050699747850805416,-0.024288447208322583,-0.023507078222928607,-0.15452593968640443,0.046221904902725985,0.02862559774796066,1.4208187860035817
2024-10-24,-0.005362764843935018,-0.0413319404809999,-0.045353166571071,-0.02820289739857731,-0.0254407740176862,-0.07507825374731865,0.04310514414985277,0.028619503908838835,0.7986788870578548
2024-10-25,-0.06015423163700114,-0.09389018773440416,-0.12647722023147412,-0.079674481611459,-0.07693005082871049,-0.0016175039024692239,0.04650412027267863,0.03131599051716053,0.7380131932245118
2024-10-28,0.022213003219986125,-0.04330399326095005,-0.079273168898015,-0.05499145470996285,-0.05285855116341508,-0.2372932133477252,0.04364360589024509,0.03155466693840115,0.792189905074966
2024-10-29,-0.010050362088256118,-0.04799159050527116,-0.08172754660267417,-0.05741982696292958,-0.058580759192306375,-0.22699669110350626,0.04378126679200011,0.03157778544444767,0.9666331018485879
2024-10-31,0.04783798278189528,0.060000623913625345,-0.005516372567310945,-0.005546794347488332,-0.009248319461525682,-0.10926949585942496,0.04257030602975515,0.03283365216334223,0.8341890111018595
2024-11-01,0.0026087513473242,0.04039637204096336,0.0024551436239482424,0.0014273292045089724,-0.004786681862419079,-0.06994902820565968,0.042134640726201884,0.03249695208278919,0.09586555015705077
2024-11-04,-0.01435543398448751,0.03609130014473183,0.048253941276461924,-0.0048529907988731375,-0.019073579458488914,-0.14964020177873905,0.041314997469385294,0.030312177677834673,0.5862379976762382
2024-11-06,0.10936374431637581,0.0976170616792124,0.13540468237285155,0.10346742491148245,0.08644198542518065,-0.032803405288378114,0.04308741909952065,0.038051034043187236,2.6561228184014305
2024-11-07,-0.11014140981373509,-0.01513309948184683,0.03531363464737266,-0.006953034760973999,-0.024736924400067643,-0.383328870458277,0.05439107225331279,0.042840693675442944,2.8585909309053825
2024-11-08,-0.02926061299173682,-0.030038278489096164,-0.04178496112625952,-0.031062903501261382,-0.05060082137605839,-0.3967867545049535,0.05737936109753482,0.04299445607184643,0.6571266843193425
2024-11-11,-0.03732343514369766,-0.17672545794916963,-0.08171714761728134,-0.05931738095373899,-0.08128809068981616,-0.5264545939551494,0.05940699541678297,0.04362442033192026,0.7741281381354979
2024-11-12,0.024207069833675657,-0.04237697830175881,-0.04315464379911814,-0.03674053693898658,-0.056241987233507526,-0.38983454229918946,0.05765381020461477,0.04403757844418959,0.7427778725107265
2024-11-13,-0.037713287761567946,-0.05082965307158997,-0.1902316758770619,-0.06751689574944195,-0.08685571309784962,-0.3691755903572212,0.05948434881959958,0.04466309969708673,0.6092082832310994
2024-11-14,-0.011471927624853514,-0.024978145552745783,-0.09156219368818029,-0.07320977892270271,-0.09144425683552668,-0.3439118417832549,0.05900551520757022,0.04420986563535964,0.6667960701418681
2024-11-18,-0.015061157326534019,-0.0642463727129555,-0.07736273802297747,-0.07639426812015376,-0.0972826389319396,-0.3379378515506252,0.06109614849679599,0.043501157394873084,0.6435950074534356
2024-11-19,0.005753424846305681,-0.020779660105081903,-0.03428587803297417,-0.060328527673674394,-0.0849196353510349,-0.2620687605750238,0.05672161816673431,0.04361809215441979,0.6644945491879575
2024-11-21,-0.22312919514715907,-0.23243692762738744,-0.28162214301380895,-0.22592284207604774,-0.25437974500162236,-0.4533196870756967,0.08150388349038631,0.0643334856344913,3.641580713756831
2024-11-22,-0.07178833556339641,-0.2891641058642498,-0.3156971908156374,-0.24366122389838568,-0.29207833980592174,-0.6273491139862011,0.09161504221484579,0.0653616386943056,2.3218866372454072
2024-11-25,-0.037284072871878605,-0.33220160358243406,-0.3415093360626624,-0.24138180489354977,-0.3033711456623241,-0.706105225040356,0.09792867765155343,0.06534270146580486,1.079980080916623
2024-11-26,-0.03989274345574502,-0.14896515189102003,-0.3663409221918735,-0.24011485121354675,-0.31610358151155166,-0.7277012031197154,0.10486298487335399,0.06543422422511626,0.5811737942811858
2024-11-27,0.09527232911707963,0.018095512789455898,-0.27682201792109945,-0.13786018807092426,-0.23398386451485123,-0.6019200939152296,0.10118148209475944,0.07064888571790032,0.6085188948699934
2024-11-28,0.09526889154981591,0.1506484772111506,0.041576068775875434,-0.0266423205529859,-0.1479098061637931,-0.5804901591918801,0.0860808541455312,0.07439266364065052,0.7447043007274762
2024-11-29,0.14527685756519643,0.335818078232092,0.2586412619044683,0.1330394612720368,-0.008896931395428404,-0.12510167798023603,0.07638736276504207,0.08204528835329616,2.2061285417086283
2024-12-02,-0.04067328457872152,0.19987246453629093,0.25525205019762537,0.0986467776068895,-0.041414002737880255,-0.028081830896981047,0.08075323930396973,0.08241772848491342,0.6448484722999576
2024-12-03,-0.006402140762300514,0.0982014322241745,0.28874265289107,0.10133638381413396,-0.03756540356223675,-0.031057065954302486,0.08046572099931527,0.08140005793347671,0.3425477682754906
2024-12-04,0.01436294945402326,-0.03271247588699868,0.2078332732280138,0.12625649344651627,-0.013859532705920665,-0.03213511205859177,0.07884408313575232,0.08153696578002603,0.3588482512689163
2024-12-05,0.011428665981166352,0.019389474672889095,0.12399304765936413,0.1197376100019329,0.006135481787954482,0.018014977072124055,0.07555212703485185,0.08165574029657725,0.31360018916321486
2024-12-06,-0.01771804009756418,0.008073575337625524,-0.03900185000339655,0.07671608377172524,0.0049292081604934345,0.020542744591571988,0.07642552735608417,0.07684855593526338,0.4060758731606028
2024-12-09,-0.00608013216424357,-0.012369506280641445,-0.004408697588918603,0.045369408342066535,0.008909363936381509,0.02397255446674066,0.07538028071190227,0.07346745626027944,0.49587105673554915
2024-12-10,-0.023804681235230638,-0.04760285349703843,-0.021811238061848853,-0.003062422090420774,-0.005350111376373744,-0.004076750177001429,0.07792911546427847,0.07339879854319915,0.7595857110612854
2024-12-11,0.008819589875267302,-0.02106522352420694,-0.027354597640604862,-0.010662091113924178,0.010536267975373758,0.15273038198700845,0.06368107791842455,0.07318119436138358,0.809133595805059
2024-12-12,0.03311584439440736,0.018130753034444162,-0.005667419227363557,0.01111032043426953,0.051670928836139114,0.4414276853335292,0.059843199531417805,0.07340491170621814,2.68067052399147
2024-12-13,0.01726740013372896,0.05920283440340379,0.02931802100392955,0.029751994079374622,0.07395368958693448,0.6314708237502117,0.05506881832031733,0.07318732087667724,1.139965443498308
2024-12-16,-0.024935913910520188,0.025447330617616094,0.010462239257652734,0.0037832228418721737,0.05210644825800174,0.7116144969602596,0.05458536356957441,0.0733278747957903,0.4791363871733819
2024-12-17,0.0017842812571040856,-0.005884232519687199,0.036051201749987535,0.0041481661926739055,0.05763101163412478,0.6573361821266522,0.04977210803747736,0.07329099560673934,0.42155994106384687
2024-12-18,-0.02426699542626661,-0.04741862807968266,0.002964616448453651,-0.017548882114254854,0.037515735560822494,0.5863015222836256,0.04762054870716443,0.07340599082649821,0.47131552914802116
2024-12-19,0.0027046900748624422,-0.01977802409429993,-0.027446537871091293,-0.011609859067486215,0.033655487422035564,0.2565755133750434,0.03731155669355427,0.05239515283789029,0.533255506210781
2024-12-20,-0.03639557782906331,-0.05795788318046734,-0.08110951583388352,-0.04208320962517407,-0.0109051196837077,0.02518452025607317,0.03845259208599897,0.05015734927429636,1.245512218106927
2024-12-23,0.007463447814035329,-0.02622743994016558,-0.048710154109327955,-0.03126195391759489,-0.012914580016079997,0.12613256366498818,0.03701668233785568,0.048997228792264695,0.7356312877663371
2024-12-24,-0.0025896687159687967,-0.03152179873099683,-0.05308410408240084,-0.032160931356062704,-0.026068738929480657,0.035566291624121366,0.03645515277029423,0.04766466927294816,0.7908380814427308
2024-12-26,0.02686270545072759,0.031736484548794186,-0.0019544032054066743,-0.005909599352646489,-0.007789419629130144,-0.008861928238728183,0.036192100610537556,0.043701640327392405,1.4539245410782975
2024-12-27,0.01708162842496577,0.04135466515972457,0.012422535144696701,0.012767207323408799,0.004330372001625386,0.11035830790111746,0.035512660847267466,0.03880843902804977,1.148397018701167
2024-12-30,0.024875670176816442,0.06882000405250976,0.07369378315057637,0.039079455895919414,0.03054209088722019,0.31891079165437647,0.03535336176416955,0.021334650616944315,2.584766117446534
2024-12-31,-0.024565525341387822,0.017391773260394285,0.04166480999515322,0.01459218056534551,0.005584868407799968,0.34476576552673177,0.03588262340678631,0.020015649858303477,0.5026527838351675
2025-01-01,-0.0009307232249918142,-0.0006205783895633373,0.04332375548613016,0.014657087511342643,0.004423870508051643,0.4313199001817708,0.03546819489953018,0.019961572584885085,0.46304022246712345
2025-01-02,0.004459562158195646,-0.021036686408184003,0.020920612193598167,0.01724429363284069,0.009190034260259949,0.21038470591465697,0.03246753295740601,0.019713672894876536,0.40404521658400516
2025-01-03,0.014966865041108113,0.018495703974312026,0.018805848809740656,0.029315923235878946,0.024507084225546188,0.17032496641810368,0.03124157531698467,0.019839666301455713,1.0888644453600331
2025-01-06,-0.06625692343240522,-0.04683049623310131,-0.07232674479948101,-0.03679988581794732,-0.03879045073514646,0.12330042282149904,0.03642522811949931,0.024524673136598157,1.6074904705504869
2025-01-07,0.016708465356062675,-0.03458159303523431,-0.03105275410203045,-0.021582654544949186,-0.021254892401299658,0.13278043632542663,0.03625123076345517,0.024877469535857927,0.704994302851136
2025-01-08,-0.014628874492498722,-0.06417733256884126,-0.04475090536953741,-0.035658820323276455,-0.03460117022894487,0.16313927964060923,0.03631246453818874,0.02452428527686264,0.5301588533165077
2025-01-09,-0.024579028036949935,-0.022499437173385914,-0.07378949556468284,-0.05424112761137682,-0.05567318482198187,0.1741826612878998,0.03696416922479446,0.024959216044083275,0.47597116891349633
2025-01-10,-0.030054600445198386,-0.06926250297464691,-0.11881096105098944,-0.07329749643395389,-0.07848513666372803,0.20582322985200763,0.035897944173089405,0.024187630507735102,0.8932154177134733
2025-01-13,-0.0571382482807065,-0.11177187676285477,-0.10969228589929085,-0.10919837413357258,-0.12169119463837852,0.19074979972208056,0.0409385596095573,0.02610677731813568,1.3052333827098237
2025-01-14,0.11319902664626195,0.02600617792035711,-0.013201724609091607,0.002091740132700546,-0.013868876126371617,0.391467787565924,0.0435072564189816,0.03756021504879995,3.452805632186291
2025-01-15,0.011408853067866548,0.0674696314334219,0.012836002951273661,0.016932617572355344,-0.00043238685500952953,0.4205392064297311,0.042812287291193456,0.037680335418797554,1.0891308735260112
2025-01-16,0.01570626557018298,0.14031414528431144,0.053121296558406604,0.035264304300756166,0.015478847107195232,0.43313397247440605,0.044763414641660094,0.03750146808928847,0.6726441448194509
2025-01-17,0.015836120034946635,0.042951238672996266,0.09901201703855167,0.05400614368130954,0.03108365274116115,0.2095144076559005,0.04382946344359148,0.037667466523148944,0.6166489290268172
2025-01-20,0.013079309687047538,0.04462169529217731,0.16922957500630578,0.06133148945926797,0.04144391427157969,0.30837910926892675,0.043373766267348186,0.03672473543114893,0.5250927305440715
2025-01-21,-0.00294644427764288,0.025968985444351528,0.053084104082400906,0.05384880992635873,0.03573199228068378,0.1663723146560473,0.04389694409014642,0.03673258885289862,1.1146986184425527
2025-01-22,-0.013055889479173754,-0.002923024069768972,0.028619361535360772,0.03580412591828759,0.020251235492340695,0.11846659167568831,0.04668927771099697,0.03688352931569457,0.9423684636382416
2025-01-23,0.007446050896879459,-0.008556282859937035,0.020359146862057288,0.03588717571848595,0.026799868501158706,0.147261460967122,0.047517496642640523,0.03644766238155122,1.3837223956681826
2025-01-24,-0.0229492336281548,-0.028559072210448923,-0.01842620680104424,0.004511389257886991,0.00449224226266456,0.14406134339152288,0.04670938592543648,0.0366185755413332,0.9912083596672019
2025-01-27,-0.04502408066051782,-0.06052726339179306,-0.07652959714860968,-0.047808034262811896,-0.035404017404826675,0.11219431613545368,0.05035873031001688,0.037350270270228754,0.8165268071981404
2025-01-28,-0.010710295399997495,-0.07868360968867012,-0.08429344827096423,-0.05513008463823988,-0.042097267933125675,0.08597859377647125,0.05196630782755261,0.037085400532079135,0.7137707140871441
2025-01-29,-0.003886573816345529,-0.059620949876860806,-0.07512413260813612,-0.05455928878404,-0.0420848342411108,0.06996320018162691,0.051674708346058994,0.03707936587417521,0.5771485458069491
2025-01-30,-0.005993502126776615,-0.02059037134311972,-0.08856368563179223,-0.05393315866828557,-0.04357684740996426,0.06525174837742469,0.05233754489162686,0.03702865643882115,0.7093177798641218
2025-01-31,0.010882783369599032,0.0010027074264768174,-0.0547316686340384,-0.03658743219987841,-0.02853640815525706,0.16348828009909425,0.049733240547977335,0.03692710040509536,1.531833855857172
2025-02-01,-0.003078144627085184,0.0018111366157372718,-0.012785732600605828,-0.03085217756796876,-0.030102522764509233,-0.10101844530017899,0.04385000915290691,0.033962681642553255,0.6369528084529413
2025-02-03,-0.024285501266733976,-0.016480862524220083,-0.026360938467342325,-0.04351877682108801,-0.050075960218026676,-0.252968572120314,0.04405490858767092,0.03404356855138599,0.5491080304867791
2025-02-04,0.03196321043552419,0.004599564541705146,0.009488845784527376,-0.0057922862194170225,-0.018044332474798818,-0.3193963090829027,0.04003725851543723,0.0348297890540014,0.6759533240454678
2025-02-05,0.0310376677235888,0.03871537689237909,0.04652001563489291,0.030085674437138842,0.011326070326303598,-0.1854976191770102,0.03957356051251497,0.035085008044300585,1.0760525730425425
2025-02-06,-0.003034872117760118,0.05996600604135294,0.03260236014753367,0.029329565392422922,0.005383576026872325,-0.23726841911680935,0.03909333183566267,0.034314861631561264,0.8903429460368968
2025-02-07,0.00032330024154980744,0.02832609584737859,0.036003805016168865,0.027234904150132074,0.00020371692274386488,-0.1643161030781256,0.03910378413672686,0.03129403706813959,0.7256749158737488
2025-02-10,-0.04185154553969216,-0.04456311741590239,0.018437760743210626,-0.014096666387900953,-0.03895303377120722,-0.11864476876166606,0.040457265334205475,0.02069812170503823,1.014323347794687
2025-02-11,-0.013096064236333286,-0.05462430953447555,-0.026621513928646954,-0.025284957641013354,-0.04849177835861788,-0.3837796530463885,0.041297933311353126,0.020590313384838202,1.2527222948931622
2025-02-12,0.033250200643512424,-0.021697409132513067,-0.024408981008723265,0.005453718392719802,-0.014034521571339251,-0.10872119954610895,0.03960284887725715,0.021776863377152768,2.0694647178517696
2025-02-13,-0.01705796677477838,0.003096169632400867,-0.03843207566574152,-0.01098025100616611,-0.026834005096076093,0.058459865987318976,0.04010657268002652,0.02157590506134344,0.8311073743249806
2025-02-14,-0.04903209446074585,-0.03283986059201187,-0.08778747036803727,-0.05356746874436883,-0.06684797902316522,0.06636887544841046,0.044113493680138914,0.02338967102863462,1.00074204069402
2025-02-17,-0.00907553634653491,-0.07516559758205911,-0.055011461174880025,-0.058829844741188124,-0.06844661708873005,0.026197933318027538,0.045502640534378816,0.023373153932352606,1.1792288251896328
2025-02-18,-0.03604055387028909,-0.09414818467756979,-0.07795595080883574,-0.08296822711063881,-0.09386821032358768,-0.03274899717284242,0.047889782027221856,0.024217690235201136,1.2805672161236004
2025-02-19,-0.009645422403841038,-0.05476151262066504,-0.12085157385618919,-0.07868886528617308,-0.09419357441575492,-0.2518398948550133,0.047975837383123374,0.02392477222326843,0.9113557471842079
2025-02-20,0.010899860188714474,-0.03478611608541554,-0.09289374689269633,-0.05625579653016778,-0.07725913912301599,-0.1481698821876364,0.04621786253391014,0.024109791842557213,0.6175475572544732
2025-02-21,-0.01045265119977626,-0.009198213414902809,-0.05431430363172666,-0.05255799417123187,-0.08156035729685714,-0.0593078832083377,0.04753387316932059,0.022474788689363926,0.6223885522785972
2025-02-24,-0.002014154026021234,-0.0015669450370829714,-0.04725292131121298,-0.04473868396532452,-0.07848882117326568,-0.15340189279528488,0.04749636832212771,0.022461844371416486,0.7218754877229704
2025-02-25,0.00014938642901757445,-0.012317418796779986,-0.011062981011906486,-0.03602143823329658,-0.07357003627989962,-0.1649914975133862,0.04639602700576793,0.0224952957322231,1.1395482911104682
2025-02-27,-0.012017569677617612,-0.013882337274621315,-0.013435128285683072,-0.034317690133240805,-0.07963640601558046,-0.2576196468217286,0.046676298534817626,0.02254523788479903,0.8553110869846832
2025-02-28,-0.01645624137949524,-0.02832442462809534,-0.04079122985389284,-0.036994823482335994,-0.0884806479112773,-0.282218816810759,0.04762634831454804,0.022320384513848116,1.265484762701188
2025-03-03,0.004827724383974716,-0.023646086673138233,-0.02551085427014189,-0.024490311799003052,-0.07813091790002162,-0.2782042788216393,0.04582981304846038,0.022462597017255073,0.837449679347928
2025-03-04,-0.01137855485454679,-0.023007071850067395,-0.03487525509866747,-0.02749890603294826,-0.0832958003708205,-0.2592412783960097,0.04426106129096885,0.022109798148118184,0.7941653723477302
2025-03-05,0.09268481154372232,0.08613398107315007,0.05766017001603721,0.061788634744606975,0.008758838583323783,-0.12291046757158668,0.04579501683289149,0.030256159823457387,2.753815467747798
2025-03-06,0.032996668697907634,0.1143029253870831,0.1026744083915624,0.08722243891332736,0.045740901646481306,0.014247503035335712,0.044425489817608126,0.030374746022636127,1.6148111364784428
2025-03-07,0.01938133506726249,0.14506281530889226,0.13851198483832008,0.09717703144030934,0.0681525490305069,0.16161787500142138,0.04123671258936795,0.030776579061648688,0.8184761673502421
2025-03-10,0.015265445936046413,0.06764344970121633,0.1489497063903917,0.09982610197904586,0.08569258724087692,0.4107015786894652,0.0425550890631801,0.03100826517006067,1.5794875503873216
2025-03-11,0.0025655538250834,0.03721233482839217,0.1628938150700221,0.08823254111284114,0.08697745868109479,0.4063426624962375,0.041244704986581567,0.029476144877907583,0.5944409211038816
2025-03-12,0.026835953651997986,0.04466695341312788,0.09704495717829777,0.10020406727183175,0.11259361563342943,0.5214626820144475,0.04188404800392034,0.02980119284092571,0.6869329097803506
2025-03-13,0.0018531104644469022,0.031254617941528534,0.0659013989448372,0.08371386772800775,0.11256717550936164,0.5367743898311932,0.04134594051145309,0.028954515739108382,0.6396712636095616
2025-03-17,0.01501688360221759,0.04370594771866268,0.06153694747979237,0.07859695128020565,0.12532021297918364,0.5474818166802214,0.040356852588242814,0.028747564310068946,0.5630988896495913
2025-03-18,0.004392577411207278,0.02126257147787185,0.05066407895495333,0.06251620509738916,0.1231087641816062,0.6104475397101115,0.03995187985740014,0.025975614107821593,0.6158242540202737
2025-03-19,0.019039970513563605,0.0384494315269886,0.06713849564343359,0.05936564096054263,0.1357602901819284,0.6109334993402146,0.039325652871962574,0.025878010651705557,0.742326089661335
2025-03-20,0.0014732368187954576,0.024905784743566296,0.04177577881023077,0.046536240058801574,0.12659116653304148,0.6672195729416168,0.03958761191142877,0.023843566356929056,0.7943111723825323
2025-03-21,0.02016103840366512,0.04067424573602407,0.06008370674944892,0.05452011999912683,0.13688169118432295,0.7582798298680885,0.039639130102631086,0.023528419886965916,1.5745144895720393
2025-03-24,-0.013862641710635521,0.0077716335118248134,0.031204181436595754,0.030510140237122042,0.1104342234406201,0.7152489747237459,0.040414521591100816,0.02416369671465044,1.055443424758861
2025-03-25,-0.004521039267979736,0.0017773574250498595,0.022290564757408843,0.018510421822811842,0.09463706139002444,0.6323782955165725,0.04121873941687364,0.023940989535761802,1.3652306965734904
2025-03-26,-0.016733418626469605,-0.0351170996050849,-0.013482824382624431,-0.00360464171794079,0.0669324032552732,0.4840923707220676,0.03716422628834671,0.024542597819798985,0.9666814116945899
2025-03-27,0.08340897785351334,0.062154519959063854,0.0684529166520934,0.07096185899390442,0.14429732942379844,0.538264991801488,0.03806907334426195,0.02950669693184093,2.3471714437466566
2025-03-28,-0.0009742678912953702,0.06570129133574823,0.04731761035713309,0.05838730077000925,0.12763846094552697,0.5563474396037219,0.03818809439282898,0.029109695606964994,1.0073793567730496
2025-04-01,-0.006500468132493051,0.07593424182972489,0.054679783935275575,0.0425077247361989,0.10493958572723133,0.39449314401288943,0.03652436063119439,0.02864652909589355,0.5109283442232914
2025-04-02,0.001787573003753116,-0.00568716302003541,0.06098839620700828,0.035729661251968345,0.0920243818079696,0.4310908294999967,0.03692824261854185,0.028707419959093396,0.44595265513567156
2025-04-03,0.018776355493775185,0.014063460365035153,0.09649817032725323,0.04656183484261663,0.0963276792009462,0.4272027453525146,0.03665729416206151,0.028081419964543424,0.6168095270535521
2025-04-04,-0.028618384524856003,-0.008054456027327697,-0.015529192051116204,0.011731358943426822,0.05558595774498502,0.3295058446837018,0.03884356756251112,0.023252548584494385,0.6817304110407137
2025-04-07,-0.05298505367389379,-0.06282708270497454,-0.06753997783371454,-0.038595382606924925,-0.0038925329951047466,0.19917888773171058,0.045737796662010693,0.02642823861949442,1.3668120285368968
2025-04-08,0.0315205861145279,-0.050082852084221745,-0.02951892358669356,-0.010248715281990542,0.022162170988354064,0.2088364705340905,0.04527816856783822,0.026904058801793754,0.8919127231356432
2025-04-09,-0.0044681494501499905,-0.025932617009515754,-0.03577464604059657,-0.017072671106468124,0.012786857031507226,0.14290336889172295,0.04508002906380394,0.02690417891222048,0.5675052434541394
2025-04-11,0.008798015762743023,0.03585045242712096,-0.04575298577162871,-0.013228222756059279,0.01658813428571675,0.1584371221335735,0.045319285366411326,0.026911707268382785,1.0724252938538987
2025-04-15,0.049195967954325494,0.053525834266918565,0.032061366707552705,0.03477228872112618,0.06110567563147683,0.1576438171635084,0.04392448085090068,0.028286314017774858,1.2918613681388926
2025-04-16,0.008695462814281357,0.06668944653134971,0.09374188319572782,0.04099921128690888,0.06325613421643134,0.2785150602522698,0.04312925753577001,0.02827058873929051,1.35932555117405
2025-04-17,0.021003369210365806,0.07889479997897243,0.08322466629156546,0.057218043205329944,0.07819781933557093,0.44580413118452183,0.04370180690306688,0.028394920796149446,1.6090617340160553
2025-04-21,0.025222059363207375,0.05492089138785446,0.1129148751049228,0.07556487462806882,0.09675098018370187,0.5535754169414824,0.042822865513392865,0.0286756499115573,0.822660752674041
2025-04-22,-0.008462398009895303,0.037763030563677684,0.09565446133228453,0.060993386167679534,0.08019855652111903,0.3505340339608944,0.03783502108288594,0.028778673131143448,0.6429618894852444
2025-04-23,0.009848091139395141,0.026607752492707068,0.056306584517354055,0.06187080795365194,0.08310473778694372,0.15000313283053004,0.03819846889580465,0.028760371289995347,0.9745839980609172
2025-04-24,0.024100113437550523,0.02548580656705028,0.07171123514062332,0.0700238694917591,0.10126623307354568,0.3245445728565545,0.03787564185217393,0.02886806331292132,1.3339094442315291
2025-04-25,-0.0504891607919778,-0.01654095621503231,0.00021870513827970754,0.009121629748228785,0.041433501562175463,0.15868443160120804,0.043227433336413476,0.03133500953060086,1.8223424611869643
2025-04-28,0.011904592442834386,-0.014484454911593036,-0.013098761782093243,0.011394985974006011,0.04741851139751109,0.02986839885930337,0.042067439085106836,0.03127566211032374,0.7516926339576898
2025-04-29,-0.008301915153009168,-0.04688648350215268,-0.012938278925207098,-0.004890668897085998,0.032061815203188196,0.02743758608765219,0.04204450412997692,0.0310051903797888,0.4639862290013849
2025-04-30,-0.01981025497364653,-0.016207577683821445,-0.04259662503824879,-0.025704315268187033,0.010295003099574205,0.06256784912760124,0.038820647545720094,0.02569596618407467,0.41107472898705816
2025-05-02,0.008302017793282596,-0.019810152333373104,-0.05839472068251654,-0.018857086345755374,0.016710771573907598,0.07586921434056065,0.0382949662964608,0.025732417855023063,0.8027977034439013
2025-05-05,0.03258887592954242,0.021080638749178527,0.024683316039003457,0.01112322901149935,0.046236117075483266,0.23793886675350634,0.04135798383029842,0.026526941856773862,2.2241904517113937
2025-05-06,-0.032313325523265754,0.008577568199559196,-0.01953460192709658,-0.017837793200038442,0.010740669959512028,0.12684889227159005,0.04356638080905149,0.02774011517094634,0.987891146973302
2025-05-07,-0.040252819075538626,-0.03997726866926211,-0.05148550584962595,-0.050627427947096994,-0.028446619772083934,-0.06359643639543919,0.04515095117389442,0.028998186787317373,1.6556824267504453
2025-05-08,-0.038119868592631244,-0.11068601319143566,-0.06979511946861068,-0.07609294751578144,-0.06372057327820121,-0.19080189068462872,0.05017878114923434,0.029551740612962632,0.8443704110514714
2025-05-09,-0.014285129287013035,-0.0926578169551829,-0.09238226654890637,-0.07549408328619005,-0.0776205368902665,-0.3432402660595278,0.04982555479880223,0.027152143260130344,0.6634362310480898
2025-05-12,0.07811569852212527,0.025710700642481106,-0.04685544395632335,0.001865246292189547,-0.005626240713993019,-0.31346746286494637,0.04893293188701303,0.03157206874545107,0.9406579051827616
2025-05-13,0.011009312658552506,0.07483988189366483,-0.0035328057745049745,0.015356116908328651,0.0016616917582833494,-0.22150962862184229,0.048942245828919644,0.03156742629218575,0.6550379764994441
2025-05-14,-0.014930666681106307,0.07419434449957156,0.02178934661992735,0.0033339175340411286,-0.0156906245424366,-0.2098675963701551,0.047886336633675024,0.031816106005375114,0.7217335305907194
2025-05-15,0.022203399107282154,0.018282045084728384,0.08211261431984068,0.02457378499886858,0.005109401730391115,-0.27216712139519883,0.04627016037256531,0.03027284680374295,0.7403331647871916
2025-05-16,0.004655374463955529,0.011928106890131455,0.10105311807080919,0.028440724943272485,0.008691901041845146,-0.0820637881955534,0.04227716712446252,0.030234365652792958,0.994236619298704
2025-05-19,-0.028993924537896572,-0.0021351509666588018,-0.006056504989212585,0.004503289121173634,-0.01876854847739287,-0.07362568900644177,0.04329589501188305,0.030567157310187346,1.025380179487348
2025-05-20,-0.021778956681054465,-0.046117506754995395,-0.03884477432881966,-0.012937631476422188,-0.03630410509720803,-0.06788974434122651,0.04451197980292469,0.03021740297470637,0.6928035149040703
2025-05-21,0.0027556414250548772,-0.048017239793896174,-0.021158466222658465,-0.010275672945316783,-0.03055933591514004,-0.0679571794745533,0.043799812851052985,0.030229450732253967,0.7116679128519592
2025-05-22,0.007823442228070762,-0.011199873027928908,-0.03553842310186986,-0.0070096743554923,-0.01968711668493868,-0.09697454401864888,0.04279621384036496,0.030186852057343762,0.6950211568713278
2025-05-23,-0.0027911638115174693,0.007787919841607995,-0.042984961377342895,-0.015278337591452258,-0.01775560531609882,-0.2766572278878702,0.03800209321090124,0.029493532731135048,0.6188330812969293
2025-05-26,0.0024498225202867585,0.0074821009368400354,-0.011541214319159538,-0.011129981439361428,-0.013375615998997793,-0.1732375445638266,0.03585249522886554,0.02746769546093518,0.8869543133971898
2025-05-27,0.0005120029666775189,0.00017066167544683918,0.010749745328572235,-0.007826539462224488,-0.010306122805148107,-0.051189716099639355,0.0337095242968225,0.027281916800154998,1.4978727367350504
2025-05-28,-0.011612434095231758,-0.008650608608267494,-0.0036183301917141904,-0.016862677324458154,-0.019046198626055205,0.032626979227200224,0.031201722726566343,0.02732860284290824,0.8736252519412021
2025-05-29,0.01365775922791353,0.002557328099359209,0.0022159868081287073,3.40608483891933e-05,-0.004505957574377305,0.2204126616327629,0.03047847220741015,0.027251838262621442,1.5515911935104456
2025-05-30,-0.015731239731550245,-0.013685914598868457,-0.010724089111904115,-0.010198197148843478,-0.017826794788833387,0.035380114141292725,0.027411711351695317,0.027347450472085356,0.8947886400449805
2025-06-02,0.008782770422303434,0.006709289918666613,-0.004391141209887623,0.00013715169532917728,-0.005651736595693443,0.018146628091556066,0.026955649104138293,0.026247130345862773,1.1981835841217592
2025-06-03,-0.0211397362589849,-0.028088205568231852,-0.02604288043554995,-0.019303667004555117,-0.02362986847434477,-0.13143694222514385,0.027994369274279833,0.02571375216992944,2.4179903522515755
2025-06-04,0.01097222963736148,-0.001384736199320184,-0.0034582167029568295,-0.0077853347134202045,-0.012542759407069556,0.023436726973747424,0.027066156833488845,0.024308394241036008,1.7518587773957917
2025-06-05,0.007133860841909893,-0.0030336457797137204,-0.009982115088960615,9.747540793022527e-05,-0.00735209113745124,0.12141810747647838,0.026239073685999446,0.022654852173837794,1.385600432599917
2025-06-06,0.013551381392819483,0.03165747187209077,0.019300506035409018,0.012865574884609793,0.0029381118464823757,0.34433329120534867,0.024714406409789263,0.022459797487106234,1.280912255782129
2025-06-09,0.019378986543987394,0.04006422877871666,0.029896722157093197,0.030006652534906027,0.02215194153138439,0.4906945798176997,0.024351017586942494,0.014648223477325225,1.0984174240470148
2025-06-10,0.015521226773413584,0.04845159471022033,0.06655768518949168,0.04179112969759042,0.037476058271278825,0.6127396827091277,0.02429196361521806,0.01485359474021779,1.2219100625724553
2025-06-11,-0.012088059279215534,0.022812154038185428,0.043497396272914574,0.02513246252798,0.02421541645139549,0.4381824079636516,0.025163865151548802,0.01470985733146784,0.8340299893660912
2025-06-12,-0.030932312711331615,-0.027499145217133748,0.005431222719673098,-0.005641055410571993,-0.005074174344875459,0.3337182931359831,0.0282757625521718,0.015415239819333066,0.6224797895164932
2025-06-13,-0.01835548769628743,-0.06137585968683457,-0.026475646369433597,-0.0230396954600524,-0.020165700321267088,0.23177915350602987,0.029641616793439934,0.015755682999481834,0.7471095492794828
2025-06-16,0.005443937894761028,-0.04384386251285797,-0.04041069501866014,-0.01668577584211348,-0.013514735636977145,0.2969726227670458,0.029926236991755978,0.014610652222299726,0.5019761986502049
2025-06-17,-0.019655978827188607,-0.03256752862871491,-0.07558790061926218,-0.034981043623455735,-0.031562525203118995,0.29223367329628785,0.030200526320190175,0.014461156144358837,0.36130343541746573
2025-06-18,-0.002831315990600614,-0.017043356923028132,-0.06633115733064722,-0.035565950730112386,-0.03288277317255266,0.22940304727646676,0.029843127964179688,0.01443433121917193,0.7077478984068206
2025-06-19,-0.02736620199417521,-0.0498534968119644,-0.06276504661349068,-0.056375734857359194,-0.05600259609636294,0.2229641229054937,0.030983314593596066,0.015354036564873207,0.7219127768224914
2025-06-20,0.005448945047104341,-0.024748572937671395,-0.03896061387009895,-0.045093170874712096,-0.048201973379380224,0.2710497914221317,0.030517368438841595,0.015477200284252358,2.3282960400349535
2025-06-23,0.010929114594995345,-0.01098814235207538,-0.03347543716986459,-0.02739939173946522,-0.035442185339768395,0.40134882198196065,0.030270974989323483,0.01574365864280711,0.43929893182078167
2025-06-24,0.017347421178874854,0.033725480820974665,0.0035279628361988727,-0.0030079112683891076,-0.01701772970058587,0.35990423730282717,0.030375066903303143,0.01634712746746319,0.7417485818206627
2025-06-25,-0.0019387960489775811,0.026337739724892683,0.004420482777822015,0.001425241609865886,-0.017856353112645565,0.23574963636898374,0.030240784272518105,0.01617680261340407,0.8690261030958676
2025-06-26,0.016968817534753614,0.032377442664650924,0.04875550230675062,0.02002902317917653,-0.0001127338159259312,0.17373579847468762,0.029401562153143455,0.016351709903549345,0.944698038285813
2025-06-27,0.02167720452022721,0.03670722600600321,0.06498376177987354,0.03959815539757347,0.020824867024515054,0.10568061113161661,0.029211590745622403,0.016704996623999026,1.3978298677887526
2025-06-30,-0.0022090832213440114,0.0364369388336367,0.05184556396353414,0.03534924182660174,0.018166493451782516,-0.1330438884347717,0.02832030261136034,0.0166140408850704,0.712158358180153
2025-07-01,-0.01066050680374684,0.008807614495136482,0.023837635980912455,0.02154569603520199,0.0064489609023601,-0.04091443541570612,0.02796472606231683,0.016055062057659282,0.8010277743874192
2025-07-02,0.007309264307472473,-0.005560325717618437,0.03308569633736234,0.0251564510266055,0.01308431355463566,0.1549921014291769,0.025936335179730517,0.015954897250073125,1.1947998310658046
2025-07-03,-0.0040477667851119125,-0.007399009281386328,0.012069112017496855,0.014900278293135463,0.008814521184219205,0.16474167566352022,0.0251723957376974,0.015914679314647847,1.4445566966714503
2025-07-04,0.002225470624862217,0.005486968147222701,-0.007382621877868013,0.01140308367615104,0.011464312470441109,0.2039298218797083,0.024733725387424993,0.015612269033778117,1.409419229744811
2025-07-07,0.006986439961011826,0.005164143800762176,0.001812901304487899,0.01310316321465441,0.01961664309732924,0.3190871486417106,0.024173395065397636,0.015021025084541176,1.1302957388994808
2025-07-08,-0.002380116294170846,0.006831794291703272,0.010093291814063807,0.007298266064793726,0.01920736170631175,0.42907187690055937,0.02362714804173,0.014508647195740118,0.7852368821058413
2025-07-09,0.010048661151301255,0.014654984818142428,0.01283268865789281,0.01284621066484861,0.030355672557296695,0.5276771967854643,0.022765019008904017,0.014535390283579303,0.8812628324738148
2025-07-10,0.001010513641725526,0.008679058498856035,0.01789096908473012,0.010845256696145014,0.030556410315362822,0.4679556445979108,0.022994534416099093,0.012687651884355939,0.4551874802535404
2025-07-11,-0.01926296062836848,-0.008203785835341601,-0.00359746216850058,-0.007353581337305843,0.010132517001761479,0.4130678719121326,0.023580698291836615,0.012761161704084811,0.4148559987617052
2025-07-14,0.007352359645123931,-0.010900087341518865,-0.0032315424843883953,0.00011358473421174777,0.0167172359635227,0.3477996244694231,0.022584567484295152,0.01280515005473575,0.4742657186291756
2025-07-15,-0.0008521517345662404,-0.012762752717810678,-0.0017035779247838538,-0.0015718335583438175,0.01404213647680945,0.45206911240608577,0.02242925660413623,0.011877177746848915,0.5423086527030008
2025-07-16,-0.0035870160678445626,0.002913191842713125,-0.01533925514392968,-0.004898339533202891,0.008658606753294346,0.37916110471272046,0.022143178720813624,0.011893836268673024,0.6486901253959259
2025-07-17,-0.0037143962139484115,-0.008153564016359248,-0.02006416499960366,-0.008373803811242513,0.002050889803030967,0.2840036644564816,0.020111391297296694,0.00984602620970077,0.8039346315373171
2025-07-18,-0.004590586029225646,-0.011891998311018653,-0.00539179040046083,-0.012034928251887789,-0.004893428390027987,0.29472652569663865,0.020466849828808288,0.009966170549078515,1.6883078482328726
2025-07-21,0.002642217307568265,-0.005662764935605837,-0.010101932738016742,-0.008102200510584684,-0.004224006071695855,0.343122474739684,0.020216175012677584,0.009764470658889662,0.9793686221940946
2025-07-22,-0.005118350436488757,-0.007066719158146169,-0.014368131439939235,-0.011585809980211036,-0.010175590178033588,0.23423544153830206,0.020002803209232173,0.009182864489200679,0.7860591864349249
2025-07-23,-0.004739113822625716,-0.007215246951546337,-0.015520229194720377,-0.01321658242297045,-0.01558011543717059,0.4079631084308983,0.01993230236512374,0.009249421983975695,0.8492305125550048
2025-07-24,-0.016412467924101594,-0.02626993218321611,-0.02821830090487349,-0.024596194968501642,-0.030737189131054964,0.1462622675114315,0.020859449281287367,0.009180831586444534,1.8683084861097372
2025-07-25,-0.03829535659887347,-0.05944693834560082,-0.061923071474521425,-0.05506663155752976,-0.06359666795561385,-0.13185828113003167,0.02412566251640492,0.011022415931513435,1.462509695281925
2025-07-28,-0.0014696128786972436,-0.05617743740167238,-0.06603490166078675,-0.04935831753099381,-0.06143328386124439,-0.359941583088513,0.02401232425737747,0.011029676375321469,0.6704439032620523
2025-07-29,0.013391154927855408,-0.02637381454971522,-0.047525396296442465,-0.030579033012969416,-0.046287256110494904,-0.5521903341096891,0.024293228632610814,0.011550137314594875,0.8712604931478148
2025-07-30,-0.0036950555114561275,0.00822648653770212,-0.04648133798527292,-0.028150463817941382,-0.04678711502897306,-0.6644530186867632,0.023659247420131552,0.011309064360772354,0.34108174137920316
2025-07-31,-0.018992177223918043,-0.009296077807518704,-0.04906104728508944,-0.039071858765896146,-0.06108899986237282,-0.66340665231071,0.023308826944412647,0.011847166671227356,0.9714470300628235
2025-08-01,-0.019170759772881355,-0.04185799250825552,-0.02993645045909729,-0.04869010644390863,-0.07439397243441934,-0.6635191906191923,0.0244129799026461,0.012218253574169273,1.071538066040611
2025-08-04,0.008162798181016609,-0.03000013881578262,-0.020304039399383283,-0.03252546123813024,-0.062221454617676836,-0.7782608757322373,0.0238259035242003,0.012281873369918931,1.012652999975064
2025-08-05,0.003121880704987724,-0.007886080886876902,-0.030573313622251044,-0.02178886176645391,-0.05489961777689922,-0.7846502492362655,0.02471346329126689,0.012404267467206116,1.2442376454076935
2025-08-06,-0.013746583676617281,-0.002461904790612769,-0.04062484178741216,-0.026596072166179915,-0.062330568548807995,-0.8891619893953459,0.02605775922880534,0.012050448007277025,3.9687818308548257
2025-08-07,0.00441446148908187,-0.006210241482547622,-0.017218203074412276,-0.015694904574190496,-0.05276775279120524,-0.8913636386860255,0.0269497787812944,0.012176540284191266,0.541069796898036
2025-08-08,-0.005615980902404245,-0.014948103089939624,-0.0036634242039351467,-0.01792258819588412,-0.05333841380731111,-0.49474313323901725,0.027196466071128144,0.011753168130617716,1.4288297559299632
2025-08-11,0.002338560061303745,0.0011370406479812628,-0.009487662323648147,-0.01268426465546789,-0.046064713733045506,-0.4978914901393807,0.027002172208623623,0.011526081171150315,0.17328822801047117
2025-08-12,-0.006650855869909574,-0.009928276711010152,-0.019260398898545507,-0.014289202970274884,-0.04705091268127601,-0.49609067810230983,0.027568218846463752,0.011481247971801762,0.12204632920061272
2025-08-13,-0.0005721524716946643,-0.004884448280300637,-0.006085967693622964,-0.0101901539838183,-0.04235885789208807,-0.47064999146917985,0.02664833153881329,0.011528574312275991,0.22025715754623268
2025-08-14,-0.013443644201720584,-0.020666652543324875,-0.023944073384425467,-0.019383548734084877,-0.04950059774001238,-0.530581075835272,0.02451388311557223,0.011656679669614523,1.988404807512191
2025-08-18,0.05388404767836063,0.03986825100494544,0.03555595519633952,0.03155455434365568,0.006240224888809326,-0.4540180786652468,0.025936770506747545,0.01774930906577758,0.8456596262670839
2025-08-19,0.011475898901236193,0.05191630237787645,0.044693294036271994,0.039707768662803386,0.020579189411005852,-0.46122369851922684,0.024661939156602045,0.0180051274146151,0.45970580980250597
2025-08-20,-0.004841452135217591,0.06051849444437946,0.046502697770964004,0.031817090614014935,0.01834807216535643,-0.4633706341461283,0.02453030547167462,0.018003160304026548,0.18604427068993998
2025-08-21,-0.01104105837942488,-0.004406611613406299,0.03603379186323392,0.017424109050433633,0.010158617697887907,-0.45712461352256667,0.024789500624925617,0.018098520518909162,0.27227026373005037
2025-08-22,-0.01857293473219943,-0.03445544524684203,0.030904501332755015,-0.001989389264149427,-0.005416332147627368,-0.4515938223623442,0.024745382373819364,0.018189897430125133,0.6361973582894035
2025-08-25,0.0069742800916912425,-0.022639713019933054,-0.016005266253914498,0.0030436697173873897,0.0022545246880035807,-0.44901722836643954,0.024808316982985017,0.016278413865017792,1.1361145992592059
2025-08-26,-0.021450866805287305,-0.03304952144579542,-0.048932031960437924,-0.017833770601065783,-0.01734731651597722,-0.44061140046001923,0.02492959710396703,0.01692816675774392,0.9300952742461503
2025-08-28,-0.022699117439146186,-0.037175704152742135,-0.06678969726436655,-0.03798399782043743,-0.03603836256323099,-0.11940723832586542,0.02574283623099476,0.017156675080372823,1.3889566964053286
2025-08-29,-0.008859399527962521,-0.05300938377239594,-0.06460803841290419,-0.04382643007849116,-0.04095832514172958,-0.0865291985650559,0.025037170164214178,0.017198481803882604,1.681279874420304
2025-09-01,0.003266268804368061,-0.028292248162740605,-0.04276883487633653,-0.039598615522113224,-0.03529327715111606,-0.526398421294548,0.02442911991528106,0.016878410971709744,1.026236398688134
2025-09-02,-0.004706861788317796,-0.010299992511912203,-0.05444997675634563,-0.03739169953921297,-0.03800757784782824,-0.5150766415740313,0.02431971084600692,0.016437453749868627,0.6761779130293368
2025-09-03,0.0008515139392028018,-0.0005890790447468805,-0.03214759601185563,-0.028668093739142617,-0.03500735085682665,-0.5118478661790388,0.023546098793606057,0.01628178606670006,0.6644567626609132
2025-09-04,-0.007030069574659521,-0.01088541742377451,-0.016478548147368887,-0.027326234167901964,-0.0391146049509742,-0.5107418535531693,0.024145481915084113,0.01626230088977611,0.6631373404788963
2025-09-05,-0.0031697357296001137,-0.00934829136505682,-0.010788884349006508,-0.02298590258179101,-0.04001777056334142,-0.26037199181428605,0.02413709619422597,0.01605832976554142,1.2875782043271964
2025-09-08,0.026499380673543776,0.016299575369284072,0.012444227520169212,0.0063590126716404115,-0.013088897937629533,-0.3947524574781272,0.021311258123418452,0.017256952271527744,1.1660799191643996
2025-09-09,0.022797757775856776,0.046127402719800585,0.03994884708434381,0.03111591934998883,0.009412219996195258,-0.3475965337489205,0.021136709852465334,0.018024053361481645,1.6648662183868033
2025-09-10,0.021920019959409898,0.0712171584088106,0.06101735310455088,0.05081585292279545,0.03048940148142952,-0.26631559569379987,0.02200273208923622,0.018663815894329458,1.1390765138409535
2025-09-11,0.0023993517215380048,0.04711712945680474,0.07044677440074852,0.04754303659332473,0.031200897278977097,-0.07877733797324027,0.02280149380593204,0.018572133283573544,1.2602696276603793
2025-09-12,0.019713478317986102,0.04403284999893393,0.09332998844833457,0.059431051011441645,0.048833523963738364,0.06995072355370198,0.02217565609192577,0.018991622244960128,1.055180594386267
2025-09-15,0.008698054043379476,0.030810884082903525,0.07552866181817046,0.0591539883938878,0.05391039866075546,0.23245422103253843,0.022043334964881443,0.018643289524454668,1.10037046038149
2025-09-16,-0.0007170181542985734,0.027694514207066947,0.05201388588801509,0.04864333855113551,0.05197631620985681,0.3211562661852264,0.02175176326132456,0.014450265285171165,0.6249747619266431
2025-09-17,-0.012146842777756715,-0.004165806888675692,0.017947023150848368,0.027897321806032643,0.03938978630909918,0.3573274502047667,0.02107552043200924,0.014520670556926369,0.4708656556750969
2025-09-18,0.013401196274884057,0.0005373353428286455,0.02894886770419433,0.03159692840068716,0.05252571745385371,0.544695904129563,0.021165923086082162,0.01477821844212415,1.0117878888538328
2025-09-19,0.04613741279990087,0.047391766297028126,0.05537280218610905,0.06441848072505174,0.09794719534617062,0.7204595903089797,0.024047043724731626,0.017622641072223503,3.468667497142037
2025-09-22,0.06643206832446151,0.1259706773992464,0.11310681646719108,0.11571331399994023,0.16337011683106487,0.8845708041814185,0.028041094858571872,0.02174545180111368,3.180453089767569
2025-09-23,-0.013208298146505393,0.0993611829778571,0.10061553647498439,0.08417563970426264,0.13966462560603718,0.9196390276314937,0.03037124233959615,0.022253790563475657,0.6755483552251859
2025-09-24,-0.03980457787264007,0.013419192305316088,0.07295780138010093,0.032520317883851485,0.08846368393193657,0.8078529110621352,0.03319541101150721,0.02380881213384432,0.4278477518638993
2025-09-25,0.005832241937319036,-0.04718063408182654,0.06538884704253602,0.02893965356064893,0.08663159386996269,0.7396698420057467,0.0337492504315604,0.022834255425759804,0.3404928386327287
2025-09-26,-0.016917060477563573,-0.050889396412884744,0.0023343737650715307,0.005972685067227197,0.060986838105116986,0.6677914385151442,0.03454034029161939,0.023204596612778395,0.3091624326236403
2025-09-29,-0.008509731417899477,-0.019594549958144067,-0.07260742597728954,-0.006484776652049457,0.04536719147357861,0.6216196483110588,0.03447090288642253,0.02345273237455664,0.41921036397285627
2025-09-30,0.000573394511122914,-0.024853397384340094,-0.05882573331966111,-0.009943137564495908,0.03916294431493269,0.5864432348245026,0.033763264943969314,0.023350336391551846,0.43934896645125626
2025-10-01,0.027254854396765688,0.01931851748998912,0.008233698949744505,0.009403125659839527,0.05950280931185483,0.5845273737719182,0.03309454383849524,0.02374604654116039,0.7330762287454435
2025-10-03,0.022067426657509746,0.049895675565398256,0.02446888366993527,0.02285472369017733,0.07312242701929467,0.5870687295335961,0.033073772589060114,0.02366745769986738,1.1281942988904963
2025-10-06,0.011177597468744431,0.06049987852301976,0.05256354161624321,0.02866819239481846,0.07444534993366145,0.5849262625288023,0.032860310845652135,0.02348111622888709,0.9830334388320465
2025-10-07,-0.008289836234216136,0.02495518789203805,0.05278343679992657,0.022264000506973716,0.0568289903312675,0.5913598177874243,0.03419478262414018,0.02349713779681429,1.1958659609905091
2025-10-08,-0.0054555509015370264,-0.002567789667008779,0.04675449138726656,0.017959070026451345,0.04388544306805753,0.5836706828143611,0.03469053496789768,0.023437773518611267,0.6050480195101856
2025-10-09,0.01944860682203823,0.0057032196862850226,0.03894824381253909,0.03300931193237805,0.057130064980353994,0.5949239692661971,0.03429828816487951,0.023361516594385515,1.6191044728697068
2025-10-10,-0.006566970161713247,0.007426085758787902,0.010313846993316148,0.02266009607787878,0.04357281387646849,0.4766453576011932,0.031172132132068778,0.02353788681271738,0.7930603395947242
2025-10-13,0.012664562968956291,0.02554619962928114,0.01180081249352803,0.02905027071514661,0.05049409855760855,0.09515534599692245,0.026018697193973966,0.023381179648024896,1.0105545773380562
2025-10-14,-0.004168034636404139,0.0019295581708387998,0.015922614091340086,0.01784429706608569,0.04049431069960522,-0.17280310032651955,0.025251484920336107,0.023482815153043388,0.9939310533509652
2025-10-15,0.011129284593597367,0.019625812926149556,0.03250744958647434,0.02122598189117292,0.045866032661983094,0.05508725460404577,0.024249557046321413,0.023468199745712043,1.0811973872568936
2025-10-16,0.0039637500847172396,0.01092500004191046,0.01702259284915359,0.019591613172759117,0.04300132890354067,0.2671465357249576,0.023317234048070068,0.02308398626462224,0.9838651979910442
2025-10-17,-0.019439804533454043,-0.004346769855139352,0.004149758477412842,-0.0014714200934521544,0.01776463821282614,0.046937446861369664,0.023717328796829744,0.02375242949284361,2.501492633907779
2025-10-20,0.007874662988714469,-0.007601391460022197,-0.0006401415028291177,0.005299786625452931,0.022458500624180644,0.06357907058582014,0.023165407271527983,0.021738505618800724,0.32841989453242243
2025-10-21,-0.0006404863693064274,-0.012205627914046006,0.002887406764268676,0.0027788118183768467,0.02185680251374633,0.11007491034895481,0.02307346567904142,0.01586790182834002,0.08353700407996335
2025-10-23,0.01688899703566442,0.024123173655072418,0.008647119206335804,0.01568208956535396,0.03771582736025706,0.16825861222254573,0.022030813396614026,0.015981163834686896,1.2089622554552102
2025-10-24,-0.008594178654393988,0.007654332011964121,-0.003910809532775459,0.00567137296575234,0.02574825986013501,0.05234479738505584,0.02152124218277211,0.012982853397901423,0.5860456153419389
2025-10-27,0.0022214920942293633,0.010516310475499975,0.01775048709490801,0.005712127790385427,0.025125762963831896,0.031121170831312526,0.02104326064961207,0.012966706001915716,0.5779219057449959
2025-10-28,-0.026935272489037546,-0.033307959049202175,-0.01705944838284413,-0.019300983234367276,-0.0043825643914366065,-0.11009452509377284,0.021617769146895494,0.013927753009276822,1.400056924787354
2025-10-29,0.04908990934096361,0.024376128946155415,0.032670947327426064,0.02634954973890644,0.0403259912402513,0.17568127253288793,0.02403715132691593,0.01715010226736763,2.6078153612824417
2025-10-30,-0.001965615537596793,0.020189021314329245,0.013816334754164774,0.02200868855410149,0.03309567289693241,0.14003291514591537,0.02389212690703536,0.017195592335514095,0.46191330775943473
2025-10-31,0.021057711166746304,0.06818200497011315,0.043468224575304915,0.039549697612582785,0.05003421258965787,0.26299300633475153,0.02527378313026459,0.01682698347744034,1.0477724246265652
2025-11-03,0.008431175109274408,0.027523270738423897,0.04967790759034979,0.041233698105452216,0.054534543833482406,0.2760700405855582,0.02566847101244066,0.016359257542822473,0.6472344627778872
2025-11-04,-0.00873540693292637,0.020753479343094166,0.06787777314646105,0.0269256998554297,0.04208948432028452,0.25053717232855904,0.0267377189579685,0.016510753557267735,0.6557087985989986
2025-11-06,-0.018167895177581078,-0.01847212700123308,0.0006199686279164625,0.005118266909279658,0.020676587045158352,0.15859634790670796,0.027471394429099457,0.017009579534467203,0.672744200961755
2025-11-07,-0.007828995351344771,-0.03473229746185219,-0.005243411185831554,-0.0035683445155355385,0.010235359451393405,0.06170507490588307,0.028706021433014577,0.01707692265729677,0.8318364308301279
2025-11-10,-0.0015105627790945866,-0.02750745330802046,-0.02781168513167242,-0.006607749563955226,0.00726981617414334,0.33330647155636883,0.028265356913272487,0.016618154798322456,0.5180305353215304
2025-11-11,0.030950108953918806,0.02161055082347962,-0.005292751287027857,0.020080923431432342,0.035482501018301416,0.41793055234372134,0.02986961042778134,0.017746127154817683,1.3029867280153935
2025-11-12,0.012655890642862986,0.04209543681768725,0.01609854628876137,0.02454764254858782,0.04515642977212767,0.4553556503581501,0.030983989422302127,0.017745886765485462,1.304966293524646
2025-11-13,0.01927603748311056,0.06288203707989232,0.05354247894945295,0.03876821760008741,0.06064934568261996,0.454586570578291,0.031528855761324054,0.017998166111955694,1.4172365344734097
2025-11-14,0.0023957485331270144,0.03432767665910055,0.06376722283392473,0.03513291807500523,0.0588146774559852,0.5636088430125517,0.032468486281590464,0.01793433721137558,1.2982876172098008
2025-11-17,-0.0022489379129163717,0.0194228481033212,0.06302884770010302,0.02912952296079007,0.05243093809762829,0.5030196234381344,0.033055515546004464,0.01798961683964905,0.4868258278123364
2025-11-18,0.004980028445522727,0.005126839065733414,0.03705876719170682,0.03093354574585374,0.052429274350462254,0.6155799217925778,0.03220947897343566,0.017142406586499324,0.7280695048955651
2025-11-19,-0.02007054844905133,-0.017339457916444947,0.004332328099792502,0.008387777163818853,0.02787126644337078,0.3865300806561436,0.031176580176907706,0.018009282257890617,0.9912295283250534
2025-11-20,-0.012651142124877978,-0.0277416621284066,-0.027594851508195885,-0.006822125010932695,0.011995520452932487,0.3037054607537362,0.03175322665741753,0.018353766347338835,0.6427651058498843
2025-11-21,-0.019102377379444875,-0.05182406795337415,-0.04909297742076783,-0.026995207237428185,-0.008283815200703778,0.16314612966406217,0.030914768575044563,0.0186779568251798,0.7762221500798662
2025-11-24,-0.004781585345924194,-0.036535104850247045,-0.05162562485377566,-0.032698679156609164,-0.014313088653922805,0.04113807867176718,0.03002481490827906,0.018592399423734942,0.7460273470819193
2025-11-25,0.0013905449349685892,-0.022493417790400375,-0.05521510836432964,-0.029630482856538357,-0.014200989565434414,0.11326475426816472,0.028321452337488957,0.018591284882403723,0.5574120178432715
2025-11-26,0.020075073812844728,0.016684033401889075,-0.015069486102433704,-0.008894144059129147,0.002229544057396296,0.214450057033864,0.02737663443809771,0.017786423091368648,0.899302649775004
2025-11-27,-0.006934842566460633,0.014530776181352715,-0.009353186544016357,-0.012083642746519524,-0.005541355938998585,0.2493006032060754,0.02696123758815081,0.014331479644545151,1.2028093226620264
2025-11-28,0.010308861213266768,0.02344909245965085,0.02005805204869513,0.0010971657007364665,0.0032987510651620363,0.25699464774538483,0.027094096085486952,0.014466260049155338,1.1431901442016936
2025-12-01,0.004564488025772345,0.007938506672578276,0.02940412542039157,0.007954862746405741,0.00723338517119506,0.2502991018070496,0.02472940602983056,0.013743177494794891,1.7379014938249702
2025-12-02,-0.02241936314735564,-0.007546013908316734,0.005594217338067274,-0.009424618584808942,-0.014222350141830747,0.05867514086771166,0.025162140348183034,0.014532488630941932,1.3975949774064695
2025-12-03,-0.007655011472855595,-0.025509886594438973,-0.022135867947632903,-0.013301846364267143,-0.020929586710091163,-0.13413893022519133,0.024206152645935366,0.014503781406405434,0.7046343772401679
2025-12-04,0.0022666527252381973,-0.027807721894973117,-0.012934372655934175,-0.008853696100566497,-0.018883723732667217,-0.27681827007679005,0.022728952968508836,0.013927062786689573,0.5858110767409258
2025-12-05,0.007331260873029925,0.0019429021254125476,-0.01591197299617094,-0.0019729318632247506,-0.012574231007687245,-0.17625154443900043,0.02275995550636359,0.013880528337296616,0.5514297758445476
2025-12-08,-0.01892440607236327,-0.009326492474095192,-0.03940086709430649,-0.019717902485626305,-0.031150941464050827,-0.3711775001468334,0.02426936556045256,0.014571375938344554,1.4604160099939563
2025-12-09,0.014573123150453102,0.0029799779511197285,-0.0024083807964976377,-0.005642126178331291,-0.016199023378350535,-0.19329532083409376,0.023097403727107887,0.013133995105335564,1.0525870978677434
2025-12-10,0.00812411525088463,0.0037728323289744144,0.013370745927242484,0.0033545542742292353,-0.00720435692885649,0.021270469538154656,0.023230387105245803,0.012928046329179306,1.7296664795771524
2025-12-11,0.017203953927016104,0.039901192328353784,0.028308047129020325,0.019178402653831857,0.011137056185655896,0.17106476616894142,0.022969921125500375,0.012764481875983584,1.0679652737473397
2025-12-12,0.011636724300526534,0.03696479347842708,0.03261351055651687,0.029349643850123255,0.023621841963293807,0.34649083344992104,0.022792459437477576,0.013060685745160495,1.403400152920448
2025-12-15,0.005079556639056978,0.0339202348665994,0.056617473267937014,0.03276774894385835,0.029100231831726244,0.4269491074100699,0.0227613053575581,0.01311517016237868,0.6345807083323861
2025-12-16,-0.02203249576753081,-0.005316214827947537,0.020011854349953083,0.008484328490608942,0.008325806531588742,0.3357512298682178,0.0233940756251736,0.01391472707629646,0.5421306948145297
2025-12-17,-0.016989530749891367,-0.03394246987836537,-0.005101791650822768,-0.00931349953620852,-0.007215730317382342,0.34660789379293305,0.024068934116111985,0.013715109209789706,0.6451286954122274
2025-12-18,-0.0012795252308614301,-0.04030155174828366,-0.023585270808700255,-0.011041329147874623,-0.007613419067361476,0.247350547225589,0.02386197243217866,0.013459501948941901,0.7196461849312178
2025-12-19,0.012165798448530123,-0.006103257532222669,-0.02305619666069662,0.00011133014219870784,0.0038472832911335664,0.2996008071536221,0.02382639922549779,0.013040722499493179,2.321332199699019
2025-12-22,0.019688559406740108,0.030574832624408757,-0.008447193893013414,0.015127741367617412,0.021848259391624835,0.44485312545850264,0.022748863570282045,0.013635195240807132,0.44837678539622067
2025-12-23,-0.013283639849511177,0.018570718005758966,0.00030166202500615525,-0.00028145815767242574,0.0071847564951864,0.45916534216392024,0.023322378705138355,0.01405295226134793,0.5649500776607527
2025-12-24,0.0019586800254315145,0.008363599582660322,0.01924987280032909,0.00027100325126707786,0.00888615183538932,0.4073392019928608,0.02350968886143491,0.013336167451730076,0.3262767891038341
2025-12-26,0.018640100524643478,0.007315140700563727,0.039169498555834056,0.017487592326722576,0.026260457623321583,0.42153334630452405,0.023740353895015755,0.013826184953146688,0.8931449566855172
2025-12-29,-0.015834359073490248,0.004764421476584871,0.011169341033813672,0.0027040279032977638,0.009893269953713453,0.5098420401969659,0.023708277693412046,0.014185461890621868,0.8244544403070412
2025-12-30,0.024513259874421725,0.02731900132557518,0.01599404150149527,0.026794025296253753,0.033646659406235804,0.5109326921574231,0.02322483823498085,0.015172485895326958,1.3996222848742117
2025-12-31,0.0031196234628792416,0.011798524263810806,0.03239730481388599,0.026600564692758937,0.03424581778229708,0.47003266371205316,0.02238770127632135,0.014114440347129395,1.033508764437373
2026-01-01,0.018373077486506167,0.04600596082380708,0.0488117022749604,0.03849191230493144,0.04936185529591129,0.5271389687834573,0.022621775041424614,0.014325724314437578,2.447344822549248
2026-01-02,0.010930109036167502,0.03242280998555304,0.04110171078648457,0.041470822193952914,0.056328741857867924,0.5049444658489071,0.02262905585251165,0.014407142490541099,1.1165605381940313
2026-01-05,-0.012364623665543313,0.016938562857130496,0.044571446194431485,0.022967596644524413,0.03991881708850496,0.3879881951149741,0.02324897164488434,0.014851710254050387,0.6056570913079675
2026-01-06,-0.0007659634918532239,-0.002200478121228925,0.01929222282815653,0.018574501075733763,0.034817666173184644,0.36328996272458197,0.022743435762198044,0.013951586540565619,0.731607466265181
2026-01-07,-0.010204146791363857,-0.023334733948760344,0.00596845257391339,0.004421983575489533,0.02133084670177359,0.3842388140555644,0.022672601128112244,0.014078958062243511,0.3838565949893739
2026-01-08,-0.03866741941280531,-0.04963752969602239,-0.051072044325398074,-0.03346376554184176,-0.017977741892744318,0.3422284957303805,0.025409110104674906,0.01679659921579964,1.2360195864274628
2026-01-09,-0.03448089589372429,-0.0833524620978934,-0.09648304925529003,-0.06123109417310863,-0.04943090134651525,0.11285064944190495,0.028367678506414962,0.018036834717604547,1.1045049963957656
2026-01-12,-0.010149133595205419,-0.08329744890173513,-0.09426755918495214,-0.06628958769580745,-0.05620907897045979,-0.01977824439427337,0.029212913429661452,0.017827211143824368,1.3583389751447166
2026-01-13,-0.01953977870211732,-0.06416980819104696,-0.11304137439521618,-0.07604199290348568,-0.07059954823758356,-0.09388885869149703,0.030896197128734173,0.018082358345024988,1.584598576412813
2026-01-14,-0.010673406856490543,-0.040362319153813254,-0.11351063446034296,-0.07626383005263472,-0.07716931392628816,-0.15844638852566306,0.03134386239423205,0.01767010446708116,1.1469823110322785
2026-01-16,-0.01518072452666809,-0.04539391008527586,-0.09002393957420561,-0.07746191654108503,-0.08793217568162713,-0.29949288897474274,0.031634655682379303,0.017603234729721053,1.1627778857345479
2026-01-19,-0.00033018302751462557,-0.026184314410673225,-0.05587322670799596,-0.06355339991334216,-0.08511573334602761,-0.3150859071398858,0.030996395347544767,0.017611246144060646,0.62046953718009
2026-01-20,-0.025532379884409123,-0.04104328743859184,-0.07125647299719964,-0.07190994511550565,-0.10354078611019714,-0.4456288824540249,0.03308056727276509,0.01785033449887917,1.204416940051086
2026-01-21,0.015464212123655945,-0.010398350788267868,-0.03625248217142645,-0.042921161562234224,-0.08453752045439163,-0.5406726318432553,0.03362137300704836,0.017559355531656218,1.0501545136790895
2026-01-22,0.027960815371924304,0.017892647611171177,0.0023817400569882516,-0.00426376004138272,-0.05522269493820707,-0.7220541640065476,0.03255529724793725,0.01898587192823695,0.6778555668791395
2026-01-23,-0.12921543193896823,-0.08579040444338809,-0.11165296735531183,-0.10751151745329318,-0.16187331962715767,-0.9177669489575243,0.045887608217667145,0.03381590903834795,2.9077599312301174
2026-01-27,0.04381488347294656,-0.05743973309409749,-0.06750790085485064,-0.05597868076498143,-0.11676520722105445,-0.9254589122865443,0.046301128946585765,0.035378262845154114,1.1585493451724902
2026-01-28,0.0380151197543446,-0.04738542871167708,-0.003960401216096905,-0.011831134699603786,-0.07690858628174203,-0.7948092437029808,0.0467930068697866,0.03684453026892808,0.5992740596222023
2026-01-29,0.035747891944675494,0.11757789517196678,0.016323278604922643,0.02624840645423493,-0.0377717722717733,-0.6579606274387723,0.04780659080502823,0.03741932020687897,0.6614826889600521
2026-01-30,-0.021339731977681988,0.05242327972133812,-0.03297726874468352,0.007725737643726601,-0.05147056097562258,-0.6558063052822848,0.04782393869293459,0.03751602755570199,0.3455361967049062
2026-02-02,-0.011464678138544234,0.0029434818284492107,0.0847734850557405,-0.0010502378208936392,-0.05417183466753943,-0.6609502467197944,0.04877104080173004,0.03704817383668431,0.7357348755248864
2026-02-03,0.09668638417587436,0.06388197405964821,0.1376449857586683,0.09221753826651105,0.04651540479063921,-0.3764330102097165,0.04907782850220384,0.04375791910452836,2.1522805418978375
2026-02-04,0.014012610782166502,0.09923431681949672,0.11364247678649016,0.09503047973547163,0.06452719309937477,-0.26628989520422763,0.048716585656180506,0.04389335587436816,0.7116190106858288
2026-02-05,0.023305703124261987,0.13400469808230292,0.10120028796607664,0.10709166374042732,0.09154779111795007,-0.1566103209222365,0.048872559303901546,0.04428016357954925,0.7922377556025794
2026-02-06,0.006160234275066826,0.04347854818149544,0.12870025421882558,0.10271970116700756,0.09922989484988029,-0.043197929402537624,0.048400461080636066,0.04426377227569004,0.7648695480659805
2026-02-09,0.014437854642577411,0.04390379204190627,0.1546027869999472,0.09273135354108517,0.11291956871458833,0.01801862201441267,0.04795572972965667,0.043456231158182305,0.44308566413867245
2026-02-10,-0.015371780047853887,0.005226308869790241,0.04254462277621899,0.05730284950199622,0.09263632359778272,0.041971549865471046,0.0475464617558243,0.042820001397667166,0.6998723673523252
2026-02-11,0.016630115206297615,0.01569618980102109,0.04516212720035007,0.05832676515098511,0.1060322478279429,0.12481585418440204,0.04645483140563367,0.04281113261533754,0.7118402966442926
2026-02-12,-0.010697428511515316,-0.009439093353071547,0.011158995564572657,0.03554232856137797,0.089003214373415,0.06771367662652239,0.045795160963006135,0.04259841849653294,0.6983686321112526
