Price,Close,High,Low,Open,Volume
Ticker,COCHINSHIP.NS,COCHINSHIP.NS,COCHINSHIP.NS,COCHINSHIP.NS,COCHINSHIP.NS
Date,,,,,
2023-02-09,232.1765899658203,239.29945715936424,230.7136506350342,236.46950054692698,1134058
2023-02-10,229.58645629882812,234.55087968601674,228.2434305320573,233.35174430929885,1246932
2023-02-13,226.56460571289062,230.09006609886004,222.60745958612264,228.55516720059774,847146
2023-02-14,237.4287872314453,238.84377272767438,226.948341877592,227.69181453953075,1708454
2023-02-15,236.44549560546875,239.32342021953082,232.70418482445913,236.0137952030542,1153146
2023-02-16,241.31398010253906,243.112682973551,234.2390821432254,236.4694707757039,2300364
2023-02-17,234.16714477539062,240.498570310046,233.1118998673404,240.498570310046,1264854
2023-02-20,232.0326690673828,237.4287776503452,231.21725124858264,234.982538831826,606730
2023-02-21,235.17440795898438,236.8531973702621,230.83354405069042,232.96801072875348,762680
2023-02-22,228.65396118164062,236.0016442084176,227.53478406658925,235.46637977734753,712688
2023-02-23,224.51783752441406,230.60035379268433,223.3499973708848,229.8704518404919,763016
2023-02-24,226.0749969482422,230.89234748748572,224.85849353682235,225.73437005308656,569056
2023-02-27,224.27455139160156,226.0019950335485,221.93887093334794,222.66877293278898,412788
2023-02-28,219.9681396484375,228.5566655636045,218.97061279676583,225.95334530815282,582516
2023-03-01,226.14794921875,226.9995014750874,220.43038406905595,220.8196591605673,702802
2023-03-02,223.4473419189453,227.2914895461659,222.47413923611,225.29642107637463,407676
2023-03-03,226.14794921875,227.2184779952456,224.59081915291873,226.26959954108392,380026
2023-03-06,230.7949981689453,231.30593846052676,226.53723665523478,227.29147760474257,817978
2023-03-08,234.22555541992188,235.9043211146437,226.85354816944445,230.1137682018879,1280328
2023-03-09,228.8242645263672,235.12575738948556,227.48611093264574,234.22554200191243,625386
2023-03-10,227.60775756835938,229.6028258638971,224.5908235751176,227.7294078930886,276556
2023-03-13,221.03866577148438,229.31088881631703,219.94381272143298,227.60778407179265,489232
2023-03-14,217.58377075195312,224.73681588169555,216.53758091526257,220.50337858451846,473284
2023-03-15,214.95614624023438,222.23084235855447,212.8394273989594,219.50587183012547,439310
2023-03-16,212.64476013183594,214.29920151986255,206.9271950710829,213.73961301580994,763794
2023-03-17,216.05099487304688,217.36482443047586,211.72024591876874,214.688517061553,770578
2023-03-20,223.93394470214844,230.4543997491477,218.09472856754113,218.19203992651452,6491212
2023-03-21,220.11410522460938,225.78300750778962,218.16769998747324,225.78300750778962,822790
2023-03-22,220.8683319091797,223.78793977275083,218.9949138934095,220.6250312538821,559244
2023-03-23,218.24072265625,220.4547530330942,217.38917022671058,220.43042890363714,352080
2023-03-24,210.5524139404297,219.48153699651706,209.238584331414,219.1652490832044,507832
2023-03-27,201.45294189453125,211.671569381935,199.7011742124262,211.5255949292152,618962
2023-03-28,203.13172912597656,207.9490792750338,201.4529486142337,201.91522581308868,1042226
2023-03-29,223.3500213623047,230.64904166826236,203.69132964157097,203.69132964157097,3171548
2023-03-31,231.5005645751953,241.69486757842174,229.57848353261699,236.53689091533317,6460940
2023-04-03,233.95791625976562,235.95298470607324,227.07251032973184,233.90926800611206,1309748
2023-04-05,239.16455078125,240.38105409142932,231.50057992712044,234.05523687849697,1555234
2023-04-06,236.99917602539062,240.3810612686215,235.1257727516944,238.33732970654185,1124432
2023-04-10,236.85321044921875,239.01859242718191,234.93112914968316,236.99918491631732,632522
2023-04-11,238.82391357421875,241.30558318951586,236.14760640769885,237.55876206632396,1158954
2023-04-12,238.75094604492188,244.24955013241564,236.53691587356244,238.92125948500208,1641232
2023-04-13,236.755859375,240.162068515283,235.34471855829,238.77526667379675,620172
2023-04-17,234.39585876464844,239.4078463561303,232.61975208961186,237.21814044433643,779698
2023-04-18,235.8556671142578,238.1913475238704,234.54183760266707,234.54183760266707,518904
2023-04-19,237.12083435058594,239.55384112557613,235.85568270750693,236.48825852904642,560850
2023-04-20,238.14266967773438,240.3810385941361,235.70966321423097,237.89936903138403,801758
2023-04-21,237.36410522460938,239.5051627976851,233.59294519688206,238.28865956293436,958178
2023-04-24,244.61451721191406,247.09617234510085,237.02353279008992,238.33734759297195,2283626
2023-04-25,242.0841827392578,247.9720623145535,240.47840415049325,245.73369303180945,1271862
2023-04-26,242.8140411376953,246.2202501316109,241.30557418469704,241.84083856800515,757844
2023-04-27,242.91139221191406,247.04750355668895,241.3542620009823,243.30066733969988,794268
2023-04-28,244.95510864257812,246.95017708258374,241.84086307397857,243.05736640936075,786886
2023-05-02,260.3804016113281,262.7161121301944,245.92834869975604,246.19598838416636,3292080
2023-05-03,268.48236083984375,271.03701855513,260.4777607253209,260.4777607253209,4466794
2023-05-04,267.6307067871094,270.5503144975142,261.8888175632703,270.0637132124467,2212128
2023-05-05,267.36309814453125,273.2023139174949,264.7354391667827,267.6307229275013,1476676
2023-05-08,268.19036865234375,269.9907700400344,266.1709609988525,269.0905693461891,743900
2023-05-09,258.5556335449219,269.723141249254,257.4121321722773,269.57716677399173,1132752
2023-05-10,262.4971618652344,263.7379896403729,257.1202217064369,258.87197507136233,1030654
2023-05-11,259.1394958496094,266.07356382538876,257.8986685728478,263.47025895650097,854328
2023-05-12,262.52142333984375,263.6892784375825,258.0203609378168,259.84511596566557,643090
2023-05-15,262.05914306640625,265.4410282851575,260.6723411413488,262.54574440148446,780686
2023-05-16,268.7499084472656,275.53800293638454,261.6455409137218,263.0080186968933,5008610
2023-05-17,268.8959045410156,273.85924444314077,265.4896949591363,270.0880838346315,1554962
2023-05-18,265.8059997558594,271.96151899854294,264.2488694237387,270.1124100230174,691204
2023-05-19,263.8109436035156,267.5334262497218,262.22948915714153,266.56022351349156,658696
2023-05-22,236.36660766601562,240.86767018976374,231.695231698417,236.4882580044953,3796934
2023-05-23,237.0478515625,241.35427660496686,235.05278299961702,238.1183805035285,1452862
2023-05-24,237.33981323242188,239.77282003131907,236.0016594930284,237.3154891043909,517860
2023-05-25,230.13812255859375,238.67797061304745,228.19171708978195,237.7290920070436,1112324
2023-05-26,233.17938232421875,234.541860219561,228.70264378255948,231.03832441740195,1051480
2023-05-29,236.95053100585938,237.94805782364895,233.17937058022895,234.39587394333552,783996
2023-05-30,240.7703399658203,241.74354265743622,235.58803860294447,237.9967212046517,1026920
2023-05-31,241.54888916015625,244.27385948696164,237.68041762602599,241.8408529183664,1126798
2023-06-01,242.71673583984375,245.4173821132082,238.55630043614198,241.694884933597,1030908
2023-06-02,243.93324279785156,247.1934776756575,240.3810589995567,243.61695490072574,1475840
2023-06-05,271.9615478515625,279.7958189008693,241.93823403998,245.17413054076718,22967730
2023-06-06,278.5062561035156,283.5182735040017,269.6501357604396,272.9833429522227,12305404
2023-06-07,269.3824768066406,279.30915553844454,267.75237427705423,278.3359529059064,3949510
2023-06-08,264.3461608886719,274.63779044515434,261.86450609480437,270.8422764783637,1956082
2023-06-09,262.6430358886719,269.94205494995964,259.62610207004934,265.39234494833744,2222684
2023-06-12,271.52349853515625,279.3091185648381,268.6525392692977,272.4967010388665,7616366
2023-06-13,268.3606262207031,274.3944944290618,266.5115471567827,270.18538115874054,2605916
2023-06-14,267.0954895019531,270.5503471631497,265.19773238114493,269.57714447551245,1033598
2023-06-15,271.13427734375,275.9029646194367,265.7329845551361,266.17093764873346,3425280
2023-06-16,281.815185546875,289.23585618215276,271.52355504819684,271.52355504819684,15536864
2023-06-19,288.40863037109375,295.34269971164326,283.20198990875826,284.17519262322133,8358302
2023-06-20,289.8441162109375,291.4255706541102,283.9805459771879,289.06553620365514,5197872
2023-06-21,285.489013671875,296.5348700899554,284.17518410676604,291.9608055891432,5054052
2023-06-22,284.4670715332031,289.5277362825934,278.8468331806152,286.7541032891734,2326662
2023-06-23,278.38458251953125,285.61062940220927,275.63530308655004,285.3186508121236,1560218
2023-06-26,285.2699890136719,287.9219718237771,277.4113667754286,278.82252231101745,2898794
2023-06-27,282.13140869140625,287.77600120897233,281.3041805974768,286.754120728312,1018918
2023-06-28,274.24853515625,284.4185162218587,272.4967820089664,283.32366307985836,2172354
2023-06-30,275.31903076171875,278.0683401979517,273.7132522882521,275.61100938403274,1313062
2023-07-03,275.9759826660156,282.666751595415,275.1730785145713,276.705884731041,1505496
2023-07-04,272.30206298828125,277.26540195835906,270.4529840738795,276.46252767041636,1111512
2023-07-05,273.4699401855469,276.19489568114625,270.59898053500075,273.00766299438607,881654
2023-07-06,280.6960144042969,283.2020235718344,272.81309523996714,274.44319810054054,2040902
2023-07-07,282.0341491699219,287.07049129425815,279.33351743937186,282.25312573181327,2729198
2023-07-10,283.493896484375,286.5108303883873,277.6546810700745,281.98544438226156,3001032
2023-07-11,314.97705078125,327.04475843110504,284.1751909859191,284.66179234034706,39916094
2023-07-12,313.0793151855469,322.4707151420745,308.3836003573886,314.9770425986421,16547614
2023-07-13,310.1109924316406,320.6459221128181,308.1402631708995,312.9819518878806,7034650
2023-07-14,306.4128723144531,313.322617340512,304.88006620064886,311.59515880915546,2486466
2023-07-17,320.840576171875,333.0299632906157,306.4128645070501,307.4103912970631,18481252
2023-07-18,321.4001770019531,330.8402546408962,315.6339631476168,322.8599809853079,5681766
2023-07-19,319.0401611328125,324.61172237861956,316.8017772844749,322.6653171364757,1927264
2023-07-20,324.5873718261719,334.5870220035884,317.84795610386567,318.23723118064345,10998332
2023-07-21,324.6603698730469,330.1832823496089,319.35640420585696,324.3683912942437,3219126
2023-07-24,331.2295227050781,334.2951050648419,323.03027268674487,325.29298069264456,3797426
2023-07-25,334.8303527832031,348.89314265870604,331.9107448948458,333.0785999301036,13925594
2023-07-26,331.4241638183594,340.2559900998661,328.99115709615796,336.16852692665213,3655818
2023-07-27,326.4851989746094,335.2196996086163,324.07651622487174,332.88398924536097,2381880
2023-07-28,331.3998718261719,332.98132634895273,326.5095337803001,327.5313848227956,2175988
2023-07-31,325.5606384277344,332.4703837743455,324.2224846694037,331.9107803227638,1697576
2023-08-01,326.1202697753906,339.8424354291051,324.660465550523,328.45595059522026,5383356
2023-08-02,323.9791564941406,328.845169747882,315.34198296874973,323.5898813737989,3274128
2023-08-03,324.1737976074219,327.4826805647007,319.6970596300273,323.9791452041403,1780454
2023-08-04,326.3392028808594,328.6018813081408,322.8599913951035,325.8039235831644,1287334
2023-08-07,321.5461120605469,329.42905854470496,319.5023807943156,327.9449306167721,1254998
2023-08-08,324.100830078125,325.43898381890983,320.1106929838268,321.0352474482851,1243548
2023-08-09,320.91351318359375,325.0009754209626,319.57535979275997,324.8063230478375,1161702
2023-08-10,320.6216735839844,322.00847569079775,317.7507134508363,320.4513452745105,875778
2023-08-11,314.271484375,328.9182034990055,307.62939346393136,321.3028801436855,5376004
2023-08-14,334.7330017089844,338.2851847874204,314.0524492046443,316.290803007554,14725632
2023-08-16,393.100830078125,399.98625003343204,333.5165274187392,335.7548814149247,46033908
2023-08-17,426.1168212890625,440.10661053342335,394.9500097994098,395.58258563397936,50793606
2023-08-18,410.4239196777344,449.13305160942275,406.6527591685545,429.18239601247114,27695842
2023-08-21,403.7331237792969,419.93694190110864,397.8695837749805,413.5624764474148,11384510
2023-08-22,401.5191345214844,412.0297122907929,397.6019697118249,407.33399716481085,4819204
2023-08-23,421.98065185546875,427.1386137378979,399.47534180750705,403.538450768684,14315790
2023-08-24,413.0029296875,426.652092734563,410.3509461725232,424.80301339285717,4269756
2023-08-25,408.59912109375,419.88827729161846,399.86462174303813,412.6379059788212,3841664
2023-08-28,412.68658447265625,422.8079161019997,405.5335685362453,410.64288260498955,3779354
2023-08-29,411.3240661621094,416.3847314785096,409.47498719258135,413.6110981743246,1608312
2023-08-30,422.953857421875,441.80965786472393,410.20489737604305,413.1245051865487,18603016
2023-08-31,440.71484375,442.80722359184983,420.91016308456057,425.8978268667765,14672512
2023-09-01,442.07733154296875,448.646449843277,434.5836587871456,442.9288839152309,7360262
2023-09-04,444.3399963378906,458.8650335036645,440.1065590177828,444.2913183872122,7039410
2023-09-05,463.8770751953125,468.11051300968245,447.0893281071274,447.6732556849354,10741516
2023-09-06,464.7772521972656,466.16405404807847,451.37136237373613,463.51207097392273,5590910
2023-09-07,557.7180786132812,557.7180786132812,460.8114201426502,464.70423045008545,31868938
2023-09-08,588.5199584960938,612.3877776419703,566.7689026686411,583.9215996586129,36698754
2023-09-11,585.892333984375,603.8965825440762,579.1285638617617,597.887008815976,8140844
2023-09-12,518.5709228515625,585.7462484596598,502.2941349719492,583.4592463688026,12544694
2023-09-13,529.0572509765625,552.5357631491255,504.43523765582,522.585430079012,10041154
2023-09-14,528.6193237304688,543.9472650677238,521.7582571070409,538.3757038017894,3716210
2023-09-15,538.6920166015625,554.7255063814416,528.6436874350012,528.6436874350012,9624382
2023-09-18,530.152099609375,548.8862490678064,526.0159886899811,542.2927779011794,3612116
2023-09-20,518.7901000976562,529.4223289226659,508.4984684964943,529.4223289226659,4919184
2023-09-21,506.9322204589844,529.6230312645075,503.0040620706007,520.6442899140452,3767154
2023-09-22,489.0235595703125,513.4466426846889,486.55926500984737,509.4696989565067,4402998
2023-09-25,479.80084228515625,494.781662742922,474.4575164982594,491.63422181774206,3315776
2023-09-26,530.794189453125,548.4832626479545,480.19123479836946,480.9475892127396,34453106
2023-09-27,530.9893798828125,551.4110975558453,524.8652770521081,532.087322333698,15345390
2023-09-28,516.130615234375,541.0173152363832,512.9099953828494,534.3320882784103,6112876
2023-09-29,529.5743408203125,545.5067206008647,518.7169078940265,519.0584662266245,12861186
2023-10-03,521.6446533203125,532.0628952407274,517.8384290295465,529.940218433919,3975068
2023-10-04,508.12774658203125,522.0838019602464,496.26994530106106,522.059379414331,3899716
2023-10-05,523.2792358398438,539.2116088659237,513.348970612626,513.348970612626,10067210
2023-10-06,523.2550659179688,532.8681394791287,517.5945142184613,524.5725732051862,3480958
2023-10-09,504.2240295410156,516.350182867097,500.1493951769988,508.51816901630383,2913232
2023-10-10,511.6900329589844,530.91623957772,509.9333367267624,518.2289029701643,5033074
2023-10-11,511.78765869140625,518.9608597238986,508.46940839896786,515.789025602408,2409768
2023-10-12,504.8095397949219,514.8862235273692,503.1016293171237,511.9095914652162,1813480
2023-10-13,502.6868896484375,506.9810290516132,494.3181159496712,503.5896304640283,2681448
2023-10-16,517.0332641601562,522.1325724662477,496.17233019625417,503.10157216140306,5860390
2023-10-17,510.347900390625,524.4503693156651,507.49326270136464,521.7177251991694,4055232
2023-10-18,504.37030029296875,517.2040501367044,501.6376557161232,512.3730919279469,2385054
2023-10-19,499.36865234375,505.49275565118467,496.29441919867605,500.02740595212384,1391584
2023-10-20,490.14593505859375,500.1493813530385,487.97444283127527,498.70988057356334,1673572
2023-10-23,475.8970642089844,507.2494214255209,473.335198444209,503.1016387587418,4179720
2023-10-25,452.6451110839844,486.5593370955421,443.08082328768944,477.7514037787565,4208598
2023-10-26,459.5743103027344,467.0891284068665,425.1233276016924,443.6419630997645,8793238
2023-10-27,481.31353759765625,491.2438345092793,457.3783992308396,465.86916570553126,9007220
2023-10-30,467.6014709472656,483.24104458236513,463.57568212877885,482.9970573812447,2973470
2023-10-31,464.23443603515625,475.31146093173214,460.9406088173573,468.84580009679354,2186004
2023-11-01,462.1850280761719,467.96751359347587,458.8179923423,465.72284295995985,1712538
2023-11-02,463.86846923828125,472.8472104313233,461.25781801879083,468.4554406749952,1386178
2023-11-03,461.16021728515625,468.0650672059721,458.6959524335884,466.13756230019715,1454054
2023-11-06,490.0727233886719,493.8301325276668,460.2086817494495,464.2100781080727,7307310
2023-11-07,508.5914001464844,521.3275221201385,494.440140271936,496.75801904449133,11686734
2023-11-08,511.07989501953125,523.7428644352193,509.4696154947607,518.0579516617378,4393568
2023-11-09,506.3222351074219,516.3744960241978,502.6380640580208,513.641851245927,3369488
2023-11-10,511.73876953125,521.5714663747601,502.6136713634697,505.0535435545545,3963454
2023-11-13,514.2274780273438,524.8652848582667,512.5195675227873,516.2769468059352,2380932
2023-11-15,535.91796875,540.9197071335078,512.7636036698107,519.1560573977325,7874464
2023-11-16,526.3292236328125,543.7743100140275,524.4505339359664,538.7237864296877,4347594
2023-11-17,527.719970703125,535.625192916591,524.0845847013028,529.4035183775393,1894464
2023-11-20,535.3399658203125,546.180016249886,524.1558115721713,533.8897368563241,3765912
2023-11-21,537.2817993164062,550.5552994147528,531.4316150486142,538.1666633162893,4520548
2023-11-22,530.030517578125,541.706281161511,526.5154862234289,538.8057636796248,1971428
2023-11-23,544.311767578125,562.2555721236126,529.9567479461823,530.0305016109218,13359484
2023-11-24,551.440185546875,559.8467839554608,546.1799704123401,547.5072964709985,5915638
2023-11-28,556.8724365234375,564.3695053002924,551.0960064822542,554.5372839535975,4034292
2023-11-29,572.2844848632812,579.978210786943,559.4534468112237,560.4366690376054,7832280
2023-11-30,592.1946411132812,598.7822409884474,575.6765223296156,578.1345775060871,12343108
2023-12-01,573.7101440429688,589.9333100698908,568.1795192610635,589.9333100698908,5802794
2023-12-04,584.3535766601562,603.9688725809873,580.3469339828276,602.2236290800203,3943830
2023-12-05,580.7647705078125,599.2739407286027,576.758127974876,584.5256074867175,4317196
2023-12-06,629.237548828125,636.341364613247,577.2005304117164,583.5423250535271,17524394
2023-12-07,630.048828125,645.3379226520793,624.8377620175587,636.6364294356715,7338538
2023-12-08,621.8880004882812,653.0561541750557,607.9262341667953,633.1950550426137,6535444
2023-12-11,628.6968383789062,635.333588177667,622.4042523541607,625.4030680387841,2940958
2023-12-12,615.27587890625,634.5470094798462,612.5474133735336,632.2118568205169,2745162
2023-12-13,626.6074829101562,628.106920738143,606.2302272471647,618.0042888406705,2889114
2023-12-14,613.0636596679688,634.2766310880282,610.5809995542214,630.4666449796988,4382580
2023-12-15,618.3976440429688,626.0667655647409,614.7843142886949,617.4144217963025,2300672
2023-12-18,624.542724609375,633.195067567704,621.8880127897093,623.1907941467887,3027532
2023-12-19,642.9782104492188,657.505283368386,625.3293588382721,627.787414494083,11978420
2023-12-20,602.051513671875,651.1388674000355,589.9332886976539,646.3210548712243,6118042
2023-12-21,639.2910766601562,647.3289060199419,602.2727373921415,607.6313103023718,10835850
2023-12-22,639.78271484375,646.4686139823314,629.9996416869641,644.0105584158587,3426768
2023-12-26,675.7194213867188,683.3393930356777,635.4810669716975,642.9043821887824,11980528
2023-12-27,668.1241455078125,692.6063443349309,662.3477145982326,680.168618468213,8544050
2023-12-28,661.2416381835938,676.6536365932603,657.308748764291,671.4917192304255,3481740
2023-12-29,665.6167602539062,676.4568079615145,659.2504211310982,664.1173825510674,3496302
2024-01-01,669.9921875,679.6523577883297,667.6078856249922,668.7140106195844,2817326
2024-01-02,665.5186157226562,675.473741830419,647.3290025874849,673.4335434900592,2769468
2024-01-03,664.264892578125,672.5239830409711,656.9399352161804,666.6000452970172,2208572
2024-01-04,670.1888427734375,676.3585861813754,664.6582178101504,666.7229604586623,2615820
2024-01-05,669.91845703125,680.3406489034536,662.6917974874316,672.6960718938635,3645270
2024-01-08,635.9727783203125,673.5072777457422,601.0192374409888,673.015666594103,4599594
2024-01-09,657.7756958007812,674.3675715356665,639.5860838840183,639.5860838840183,6711410
2024-01-10,789.330810546875,789.330810546875,663.7733171800264,665.6414634600654,22442717
2024-01-11,759.8341674804688,779.4986131192547,748.2813056676819,776.7456027320499,11469695
2024-01-12,741.2020874023438,769.666384242702,738.006615011189,763.3245885718773,3571574
2024-01-15,757.57275390625,777.728810304794,744.3484024620536,744.9875209376768,5235262
2024-01-16,778.8595581054688,794.8369202580176,760.0308273181686,765.9301610360328,7787634
2024-01-17,834.8538818359375,873.1012464801094,766.9132570433393,779.6951446607284,26230941
2024-01-18,851.1263427734375,881.0654115051575,808.20866866298,842.621446525759,11018034
2024-01-19,859.0413208007812,872.5606271942574,848.1275174510087,863.2691646161522,4771974
2024-01-23,834.3623657226562,883.4251793186473,818.0900497140588,865.2355679470336,3459766
2024-01-24,837.0170288085938,840.1633517829715,782.8906598679825,838.6885185147744,3518987
2024-01-25,856.9763793945312,870.1515798624314,845.5710267589728,846.0134887170583,2473935
2024-01-29,845.6202392578125,868.3818571424652,841.0974411521553,863.2199406037579,1726017
2024-01-30,863.8590087890625,880.9179501212159,846.1610090277568,852.4536551695584,3683666
2024-01-31,896.8953247070312,929.1450016510003,880.6721580115376,919.3127794113071,6953477
2024-02-01,896.2561645507812,926.1461427730023,887.2597176267743,907.0224594044728,4522178
2024-02-02,890.0127563476562,906.5308774707117,887.8496554837882,903.6795090577328,1973422
2024-02-05,875.7069091796875,908.9398087801386,866.0221341408732,897.6819021669485,2538611
2024-02-06,869.6600952148438,879.9839290189769,848.7174729286841,879.9839290189769,1631959
2024-02-07,859.2379150390625,881.9503241309632,856.8781577259023,872.609713117313,1182679
2024-02-08,896.1087646484375,904.5644518240832,849.405708711868,863.8098783782627,3837173
2024-02-09,867.8411865234375,900.8282826643176,850.9789000851788,900.1400150525491,2188203
2024-02-12,795.0397338867188,870.6543630889942,779.837808208963,870.6543630889942,3682525
2024-02-13,831.9586181640625,842.1261119175745,784.773506193859,806.9840771238739,3156914
2024-02-14,836.49951171875,842.5210203948457,799.629926521575,799.629926521575,1477541
2024-02-15,849.7764892578125,853.7744405525711,834.6239670605124,840.0532181768139,1278231
2024-02-16,828.454345703125,873.3690585175333,824.2590153852957,853.675672387363,1858009
2024-02-19,840.05322265625,858.0684650927677,828.2569285724684,834.1304032250661,1987506
2024-02-20,832.9457397460938,843.9523354655962,829.2439779906596,841.632528615507,1047391
2024-02-21,820.1624145507812,838.9674148556398,814.4370343588981,835.6604711176296,1005409
2024-02-22,825.542236328125,833.1431993676223,803.6771991772036,823.6667131430737,1269496
2024-02-23,847.6541748046875,852.7872969587171,823.3212345384891,829.1947091113681,1739872
2024-02-26,848.147705078125,858.7594226061188,838.1775901343632,851.1584593965263,1253538
2024-02-27,843.0640258789062,853.8731840155853,840.2507105865003,848.9375008709865,1038904
2024-02-28,843.2119750976562,891.8284456901366,831.1688982511376,854.8601732606713,8593058
2024-02-29,863.8432006835938,868.1866257538376,843.2120822250248,843.2120822250248,2582071
2024-03-01,862.5598754882812,872.5299904482529,856.8344957464335,867.5943078690684,1472366
2024-03-04,869.9634399414062,902.0453782027486,853.3795577517039,865.6200752191221,3402600
2024-03-05,864.9783325195312,878.6501485397999,861.5726996453402,873.1715531769858,1082470
2024-03-06,843.8536376953125,865.3732622270201,832.8964463236894,864.6822546067302,1472985
2024-03-07,856.0448608398438,864.4355218346703,842.8665512450063,843.853687832633,1011544
2024-03-11,837.387939453125,856.0448447076941,834.1304008253525,856.0448447076941,787870
2024-03-12,807.5270385742188,844.9888825063712,803.7265869760433,839.0660632364667,1407869
2024-03-13,721.3994140625,826.4307722325349,707.2340279754395,809.4520106900055,3454793
2024-03-14,793.953857421875,803.5290933110916,704.1737826732896,730.4316491452665,3713524
2024-03-15,878.9956665039062,893.3584898430908,778.4557826295595,794.6448445565613,11812467
2024-03-18,864.2379760742188,900.6139307501468,859.2529489703983,885.4614100954589,3171617
2024-03-19,869.8648681640625,899.6270033847119,853.13288912457,862.609377301783,4560368
2024-03-20,866.95263671875,892.3220569824447,863.7444430730501,877.3669148109389,1640751
2024-03-21,884.326171875,911.0282612662085,873.3196365173744,876.0342617771068,4687245
2024-03-22,890.8413696289062,918.8266660312612,885.5108082903471,886.4486000397275,3150242
2024-03-26,881.7597045898438,898.047457319463,866.7058725215592,895.1847372851533,1637539
2024-03-27,861.227294921875,889.6074707285874,853.873115575868,883.4872120698287,1647346
2024-03-28,860.5855712890625,879.6372933047185,855.1069758745905,872.0363906080789,905880
2024-04-01,955.84423828125,964.1362087850441,873.9612554938925,875.5900547803614,11008662
2024-04-02,972.37890625,984.175200797023,942.073800253685,956.7328150715467,6207391
2024-04-03,1060.826171875,1071.0430096644154,965.1232844453036,973.3165046351277,15834277
2024-04-04,1055.545166015625,1067.094615504219,1020.8472920220191,1062.158932731304,5050996
2024-04-05,1067.2918701171875,1103.1249710687025,1041.4289436040099,1054.2123122946728,5566690
2024-04-08,1126.520263671875,1155.8382936152746,1090.8353712232067,1090.8353712232067,9408821
2024-04-09,1115.7110595703125,1138.2671051108055,1099.028428165068,1132.8378542126532,3223337
2024-04-10,1078.0517578125,1128.000841087978,1070.1546657373237,1118.228286044997,2856936
2024-04-12,1082.44482421875,1105.3957530796638,1067.4896787319433,1080.766619485856,1988002
2024-04-15,1043.35400390625,1071.04323433967,1011.0252795517578,1041.4291356943336,3644581
2024-04-16,1089.1572265625,1100.6573929294475,1030.323904816243,1042.564423689645,4525204
2024-04-18,1063.9849853515625,1122.3741297457334,1053.6200527549659,1105.5928103036247,2552265
2024-04-19,1084.863037109375,1112.107981002282,1047.3518492930361,1063.5901968713995,4930560
2024-04-22,1090.884521484375,1109.985588649459,1081.0131564894932,1098.7323289553426,1597916
2024-04-23,1235.845458984375,1263.5346852478372,1078.9895698485764,1095.6227953160853,17053747
2024-04-24,1258.25341796875,1305.9814381111237,1241.718883510427,1253.663209675833,9171525
2024-04-25,1309.189697265625,1359.2868713551484,1235.64803283864,1260.4745382854783,13992038
2024-04-26,1334.657958984375,1347.1451393650825,1310.1275204497958,1312.9902404125903,4772122
2024-04-29,1320.7392578125,1347.9843221455421,1309.9301611260669,1346.700996470412,1974201
2024-04-30,1287.1273193359375,1360.274110618226,1281.3031898276176,1320.788650222922,3369452
2024-05-02,1308.597412109375,1317.5803293821898,1257.6117921954747,1295.9127332818248,3008078
2024-05-03,1304.8958740234375,1344.2332427817698,1286.5351576676112,1314.5204557139991,2314662
2024-05-06,1271.0369873046875,1318.1727571824247,1244.8285844161633,1314.8658738669317,2282092
2024-05-07,1231.2060546875,1318.8144229805573,1211.0684450868855,1277.2065935447426,4390065
2024-05-08,1278.144287109375,1281.3030754590222,1209.2421166697245,1231.9462543704622,2664196
2024-05-09,1218.8172607421875,1287.9662135274516,1204.3064039114704,1282.882436984701,2073901
2024-05-10,1213.93115234375,1241.1268120477976,1186.0939502928359,1227.9978479492784,2736031
2024-05-13,1179.825439453125,1221.8775487163084,1152.9753761536779,1214.1778361892327,3079650
2024-05-14,1325.921630859375,1337.5698891642962,1224.0491974640056,1224.0491974640056,12226747
2024-05-15,1313.38525390625,1352.377149832065,1294.827037518744,1325.8231510382675,5845758
2024-05-16,1328.1922607421875,1343.4928776440856,1310.6705865480785,1324.638593174664,3459148
2024-05-17,1396.6500244140625,1419.8971367145252,1329.9196224762954,1332.140679555955,13002299
2024-05-21,1619.8909912109375,1674.1834985336684,1414.3198157571424,1470.8333801976214,17469936
2024-05-22,1612.290283203125,1687.0164768384798,1572.8541030916713,1628.824821522051,9452432
2024-05-23,1865.8853759765625,1910.1091396580764,1637.3632747719917,1638.6466004301844,20768778
2024-05-24,1887.9478759765625,2003.8870044633484,1807.9898230891088,1875.0656970335617,21610057
2024-05-27,1945.6461181640625,2072.9867316816494,1927.5321867753337,2072.9867316816494,15878300
2024-05-28,1884.8385009765625,1995.9900493581144,1839.4302209219268,1968.3996317423341,7902909
2024-05-29,1992.0909423828125,2003.8871758336295,1801.5241851706273,1875.5594256570917,13452819
2024-05-30,1931.9742431640625,2021.6555709287354,1915.0448279305404,2000.925704234642,7063841
2024-05-31,1922.5965576171875,1984.144498431196,1876.546612695375,1954.5304014396856,7522139
2024-06-03,1987.1055908203125,2072.986458381846,1977.382321294103,2072.986458381846,4497698
2024-06-04,1788.395263671875,1983.1573558263797,1788.395263671875,1983.1573558263797,5677652
2024-06-05,1662.8809814453125,1766.9250810406566,1609.5756058878965,1766.9250810406566,7231598
2024-06-06,1829.1639404296875,1829.1639404296875,1709.7698285676663,1712.6818330520819,4699862
2024-06-07,1888.1453857421875,1928.8647673455678,1838.8872491086313,1845.94529935323,4406748
2024-06-10,1868.8468017578125,1922.941930972886,1860.752330535878,1908.480356929982,1783567
2024-06-11,1869.68603515625,1921.9054623748882,1855.8167183958708,1880.4951322043266,1848739
2024-06-12,1878.3726806640625,1900.13908887147,1862.7265911079746,1878.3233961386863,1431812
2024-06-13,1980.9857177734375,1992.0415991624182,1865.6881181451786,1887.8000014232093,5114642
2024-06-14,2095.049560546875,2147.022208645754,1955.517699001029,1994.0160282595048,12077353
2024-06-18,2290.9462890625,2304.5194150586476,2104.9204758825945,2110.2015112155773,11963932
2024-06-19,2227.177490234375,2396.6687918035104,2171.7004629712287,2329.6423148236818,6356683
2024-06-20,2203.2392578125,2269.130619033108,2173.6745679067985,2229.941348274958,3461499
2024-06-21,2104.82177734375,2211.1857339664675,2080.933122525029,2203.2886420594446,3331150
2024-06-24,2115.58154296875,2171.7003507040395,2086.263636434271,2108.8692074121304,2758689
2024-06-25,2160.3974609375,2210.1984451436874,2117.5555956946355,2125.304712994354,4874927
2024-06-26,2179.745849609375,2245.9828198528135,2163.013930422747,2176.735275416635,4850979
2024-06-27,2209.705078125,2268.094106304398,2151.9575922771946,2189.271400563494,5497856
2024-06-28,2186.65576171875,2240.8003060423525,2157.930228386768,2220.0704353697142,2477956
2024-07-01,2236.900634765625,2280.285234203368,2212.1728181167737,2244.698916439262,4946752
2024-07-02,2231.570068359375,2260.4438114506156,2181.6211052528943,2242.774164215343,2498510
2024-07-03,2405.01025390625,2431.3173468252753,2217.5034715692095,2241.7871273407227,10574606
2024-07-04,2645.476318359375,2645.476318359375,2374.112600819915,2417.4972002104387,13026739
2024-07-05,2801.0986328125,2886.3871301346235,2615.911728747179,2680.075601339091,12633513
2024-07-08,2768.32568359375,2941.1239873164973,2714.6255509139082,2813.2898022825516,8355098
2024-07-09,2754.357666015625,2862.695898734992,2649.1782219500087,2805.7875749412246,4213729
2024-07-10,2692.168212890625,2787.476297007635,2635.6546442086237,2773.606979986959,2789930
2024-07-11,2826.76416015625,2826.76416015625,2728.6426480686214,2762.9950462542283,3894646
2024-07-12,2792.3623046875,2898.47947578919,2770.694707253271,2877.502825687693,3225791
2024-07-15,2709.343994140625,2811.3646438926016,2689.9468590615656,2805.4418251203556,1505323
2024-07-16,2708.0615234375,2780.270475604983,2687.973195481047,2715.316833478158,1767967
2024-07-18,2588.716064453125,2704.7540081487273,2577.413399735886,2704.7540081487273,2767426
2024-07-19,2510.485595703125,2665.2686530900082,2488.5712127555225,2576.3769596267393,2827660
2024-07-22,2636.000244140625,2636.000244140625,2430.330242753677,2472.7771153931603,2745532
2024-07-23,2564.72900390625,2738.8106494235776,2504.2177197520923,2664.2818319676467,4223355
2024-07-24,2526.625,2625.7828023628954,2517.197799257663,2561.6189368916216,1374320
2024-07-25,2430.083251953125,2499.1828061876,2418.484398206624,2487.633357465576,1574069
2024-07-26,2435.85791015625,2492.519443886541,2418.5336179007013,2438.1775361277273,1017431
2024-07-29,2557.62109375,2557.62109375,2438.2763953598082,2477.712447671531,2372821
2024-07-30,2643.79833984375,2680.8653637410143,2517.1980833012462,2553.7221339216953,2928546
2024-07-31,2586.445556640625,2667.4401531802428,2572.0829136291277,2645.525771482168,1020858
2024-08-01,2547.1083984375,2655.1998468547395,2540.5932010369584,2614.924628833496,1003125
2024-08-02,2505.253662109375,2577.1172485179527,2469.914367713511,2470.0129367648215,1016016
2024-08-05,2379.986083984375,2442.916035396239,2379.986083984375,2385.020576497372,1308671
2024-08-06,2260.987060546875,2410.488855923311,2260.987060546875,2370.115063896318,2323913
2024-08-07,2319.12939453125,2357.2327214904763,2093.716662624242,2278.3606060358984,5619905
2024-08-08,2282.407470703125,2361.230413472648,2271.400995568797,2329.6420467372277,1655089
2024-08-09,2349.187744140625,2458.9572865736714,2337.638294045628,2408.761293737534,2887887
2024-08-12,2295.339599609375,2353.3338804295236,2276.4851923384163,2334.578283228114,1292134
2024-08-13,2175.796875,2312.7129038063576,2169.7260817717997,2309.800658257744,2481721
2024-08-14,2187.000732421875,2227.720109633521,2112.4719329193467,2184.335512295315,2352856
2024-08-16,2170.170166015625,2230.9284651128596,2157.3867966832545,2211.1857353330997,1189881
2024-08-19,2127.723388671875,2191.1469108222473,2122.3435427750987,2177.623188540404,1431135
2024-08-20,2047.7159423828125,2130.240653535202,2012.8700948173318,2122.3435612144044,3007563
2024-08-21,2089.76806640625,2147.0219860338184,2011.7842793273205,2023.5805128436637,2886627
2024-08-22,2043.3231201171875,2109.313290577964,2038.4368427136121,2109.313290577964,1167062
2024-08-23,2058.376953125,2086.9545062046423,2034.7350824770792,2055.1687595443814,1113685
2024-08-26,2030.687744140625,2092.729369246884,2023.6298146019396,2072.9866393483285,735231
2024-08-27,2033.25439453125,2071.9995019400867,2026.2456290203038,2031.5269056658879,896011
2024-08-28,1986.8096923828125,2047.5185904033049,1982.1701987828994,2033.2051103822132,1239616
2024-08-29,1929.6546630859375,1998.9516038182755,1910.109310315241,1984.144554901103,1848011
2024-08-30,1862.3812255859375,1997.9644087708423,1836.0740120127307,1938.7362148349478,7094311
2024-09-02,1827.53515625,1883.456463719893,1796.045477436851,1856.803777912536,2909239
2024-09-03,1857.0010986328125,1922.6456745760313,1839.5288311306558,1875.5593126634,4852910
2024-09-04,1904.0875244140625,1972.9895763931113,1857.2478275145677,1860.7522101156032,5200139
2024-09-05,1887.6024169921875,1934.787591139388,1871.166690232815,1924.9162258784727,2570312
2024-09-06,1837.4066162109375,1890.0703277117454,1832.0760546742895,1887.6024863058963,1288779
2024-09-09,1797.1314697265625,1837.0116894011426,1774.8714926284433,1837.0116894011426,1268809
2024-09-10,1815.985595703125,1850.683466046633,1797.4767872517573,1806.5091098760356,1031034
2024-09-11,1780.695556640625,1820.871963994901,1776.8457001902007,1815.3440236943215,695951
2024-09-12,1789.3331298828125,1800.240916694513,1762.0387795891625,1796.588559581107,1228858
2024-09-13,1793.4295654296875,1835.97512267743,1770.9722110059893,1789.3329250282106,1026595
2024-09-16,1771.2191162109375,1804.485568926014,1754.2897006956725,1801.524159349002,980967
2024-09-17,1739.828125,1801.5241578014184,1737.3602836879431,1771.1203046368537,1106981
2024-09-18,1703.5015869140625,1774.8716114823765,1696.2461569849363,1739.828262089927,1347819
2024-09-19,1656.661865234375,1728.7228312180541,1616.929620291319,1726.5017740473243,2302100
2024-09-20,1822.3033447265625,1822.3033447265625,1660.5116517656318,1666.286376066086,5800913
2024-09-23,1759.2471923828125,1912.4400658768216,1642.6229403035024,1864.9502268348351,3796861
2024-09-24,1775.702880859375,1792.801107762259,1740.468500098212,1773.726198860399,883255
2024-09-25,1724.7540283203125,1788.8973897965839,1719.7135128431248,1761.6685442510582,300727
2024-09-26,1685.0228271484375,1738.7391437686683,1665.3548144096667,1729.5969882592976,345668
2024-09-27,1707.062744140625,1761.0756107924133,1650.5296800064343,1687.0983016592716,1045085
2024-09-30,1720.0594482421875,1729.5969642027849,1670.2964968586894,1709.830141754753,640493
2024-10-01,1685.61572265625,1715.2659552447506,1677.313633402049,1715.2659552447506,299624
2024-10-03,1651.221435546875,1677.2148548622156,1632.739505145775,1659.3259049945798,449810
2024-10-04,1626.3153076171875,1665.354781728934,1568.6949722516395,1650.9743702213332,411572
2024-10-07,1550.70703125,1627.797629361855,1545.0240704917544,1624.8326063575528,616808
2024-10-08,1623.893798828125,1628.2424028992918,1487.4532695942144,1539.538794297245,481632
2024-10-09,1635.507080078125,1650.529818188417,1601.1127577636141,1650.529818188417,272935
2024-10-10,1674.7933349609375,1704.5917203966203,1620.8792836985874,1650.3318945514618,743389
2024-10-11,1641.4368896484375,1677.0171680022581,1630.7627578834501,1676.720617423802,237690
2024-10-14,1605.4613037109375,1669.3081145119309,1596.1708732603722,1641.5357537877198,345447
2024-10-15,1652.4569091796875,1668.319832624326,1586.2875185794094,1607.0426823739065,396645
2024-10-16,1570.07861328125,1629.675628577649,1569.8315280116083,1586.4850510560323,1031697
2024-10-17,1541.7625732421875,1549.6199569807688,1532.96643441171,1542.8003796039004,1496837
2024-10-18,1545.81494140625,1564.5934222539215,1508.208514397202,1531.879235417398,1065843
2024-10-21,1512.7547607421875,1551.6954215656758,1508.208416120523,1548.7303984671425,492306
2024-10-22,1437.1468505859375,1521.9465700163516,1437.1468505859375,1513.1008442832635,612006
2024-10-23,1384.320068359375,1422.2229276742235,1365.2945010503208,1388.7181382576873,1200822
2024-10-24,1406.3106689453125,1421.7287670023593,1349.0856913161074,1378.7359262900877,427454
2024-10-25,1349.48095703125,1401.4676745677407,1335.9900769371957,1397.5143101825004,744409
2024-10-28,1345.7745361328125,1377.7473431004523,1324.376929522673,1358.9193989405649,597834
2024-10-29,1385.6541748046875,1402.1594223512946,1349.1350206676418,1362.922330282214,362390
2024-10-30,1454.93701171875,1454.93701171875,1389.0640486318644,1389.0640486318644,391148
2024-10-31,1479.7442626953125,1502.1796782966815,1454.9369249459276,1469.6137663105408,510173
2024-11-01,1509.444091796875,1512.1620300862457,1487.4535001828756,1505.2436417133022,191904
2024-11-04,1485.92138671875,1529.9520312250584,1444.9546961569995,1529.9520312250584,389109
2024-11-05,1478.9041748046875,1492.3950548939113,1424.1995192729312,1477.5699384545678,530542
2024-11-06,1518.9815673828125,1528.9637890643462,1482.5117541024688,1486.4651187800753,413151
2024-11-07,1506.08349609375,1536.8703441592218,1494.3716786937255,1535.8820031018845,328948
2024-11-08,1431.068603515625,1472.6283995607341,1430.7721735415694,1470.6517171452163,501298
2024-11-11,1377.0557861328125,1414.1185796232837,1362.4282887097274,1391.6831629087833,382705
2024-11-12,1358.0301513671875,1399.9357179416693,1344.1439105035101,1382.6892138194196,301194
2024-11-13,1301.9912109375,1349.1351569453022,1292.7502451645616,1349.1351569453022,444889
2024-11-14,1297.098876953125,1328.280966105998,1285.8317643429125,1304.6102451442312,279812
2024-11-18,1286.276611328125,1324.0806623705791,1275.2072381052608,1301.546555313937,304904
2024-11-19,1348.78369140625,1350.5682386338208,1308.6324679575525,1308.6324679575525,295055
2024-11-21,1284.2442626953125,1338.374032703045,1281.369212791619,1338.374032703045,494851
2024-11-22,1288.11083984375,1299.7100343052045,1254.1061734523903,1278.8908804376154,348717
2024-11-25,1352.5013427734375,1352.5013427734375,1323.1066586368902,1346.2555487477257,582192
2024-11-26,1420.1138916015625,1420.1138916015625,1363.1586914116594,1377.038125360578,311063
2024-11-27,1491.097412109375,1491.097412109375,1447.4267152053155,1467.2544784273061,536695
2024-11-28,1565.649658203125,1565.649658203125,1516.8237942382657,1549.5396015649735,1312263
2024-11-29,1563.716552734375,1571.350192961327,1497.7396239850627,1565.6497111887543,750162
2024-12-02,1641.8875732421875,1641.8875732421875,1606.0488660098217,1617.4498301821138,595105
2024-12-03,1671.0343017578125,1719.9592815009805,1609.0229261590323,1699.7845573700195,1259341
2024-12-04,1680.997802734375,1713.1188045229947,1655.6182890934033,1704.4937756161828,510941
2024-12-05,1667.812255859375,1680.9976450318732,1616.0617242162698,1680.4028363732514,463028
2024-12-06,1677.3297119140625,1687.3427084832697,1636.2862164228184,1667.5149445762984,403528
2024-12-09,1668.655029296875,1679.3124521675343,1648.6785333866633,1670.1916083551594,359831
2024-12-10,1619.33349609375,1680.105519617276,1607.0402583161429,1674.2564261030627,403176
2024-12-11,1613.7816162109375,1638.9627774262883,1610.0142929798399,1629.8420552086557,173886
2024-12-12,1633.212890625,1664.4416178875151,1586.2706851183336,1613.8808213672526,413087
2024-12-13,1592.516357421875,1629.8421461030475,1586.2210667669563,1629.8421461030475,241605
2024-12-16,1593.953857421875,1624.290309493618,1582.1563146664591,1611.0056845678318,211257
2024-12-17,1603.124267578125,1615.9626958027984,1566.3932879560869,1600.1004852918509,272495
2024-12-18,1561.585205078125,1610.7084195900175,1547.457922706631,1601.0920021026643,318298
2024-12-19,1534.173095703125,1551.522387576989,1498.185659008573,1512.9573660078458,233424
2024-12-20,1480.6878662109375,1556.4794442443836,1464.0324963617154,1547.556950614957,305700
2024-12-23,1454.2672119140625,1506.9098952345646,1431.5644004728363,1506.9098952345646,292990
2024-12-24,1455.75439453125,1486.8840068774498,1437.5128282312617,1455.3578150644773,198793
2024-12-26,1453.1768798828125,1467.204926173967,1437.5128978298667,1467.0563147584112,175014
2024-12-27,1525.7958984375,1525.7958984375,1432.5557995472363,1457.3405019615484,340981
2024-12-30,1559.5030517578125,1600.4969242442094,1460.8103209920268,1551.373596973233,1853229
2024-12-31,1525.49853515625,1573.7295934691456,1500.0694045824891,1551.522474423741,438789
2025-01-01,1553.5052490234375,1567.384683284017,1498.037129796818,1544.9793350386083,359906
2025-01-02,1581.115478515625,1605.9498018350766,1539.2789440378654,1554.942805302943,472162
2025-01-03,1584.4862060546875,1605.850670380024,1566.3933712287853,1586.221135421555,410469
2025-01-06,1505.274169921875,1583.197254130668,1505.274169921875,1583.197254130668,420930
2025-01-07,1488.817138671875,1524.457493883531,1470.3773434787854,1491.0477619860162,430854
2025-01-08,1479.5477294921875,1511.5694947799818,1457.9354189730059,1496.0047489146057,291253
2025-01-09,1461.6036376953125,1512.511396378241,1448.963438439111,1479.4486248805383,299199
2025-01-10,1418.7755126953125,1467.2544159113295,1402.814188185494,1461.603552041456,394615
2025-01-13,1347.841796875,1411.6870964050859,1347.841796875,1411.6870964050859,500996
2025-01-14,1415.20654296875,1415.20654296875,1345.363298240017,1358.152108187851,385406
2025-01-15,1384.3248291015625,1423.6333937383308,1374.113603693846,1412.7281240091374,403285
2025-01-16,1433.646484375,1446.6336458861313,1406.8790023670974,1417.486928959449,232661
2025-01-17,1479.7955322265625,1504.927197386216,1436.6205302970875,1451.392237795402,586525
2025-01-20,1523.317626953125,1535.6603619582665,1488.8668861022213,1491.0478917916287,464136
2025-01-21,1495.310791015625,1568.3760490657407,1487.0822209852156,1538.5352900351163,683166
2025-01-22,1449.4591064453125,1503.8862195656113,1427.5989491291475,1502.8948314064937,403472
2025-01-23,1467.6510009765625,1495.8064478636666,1433.3984929313424,1450.400823438621,362392
2025-01-24,1446.0386962890625,1491.444320864637,1437.5127826098092,1473.5993345977565,269316
2025-01-27,1391.2149658203125,1440.3877912592504,1378.0294557141308,1440.3877912592504,383942
2025-01-28,1397.31201171875,1422.6420279409338,1320.6281607579417,1393.7926563168153,799845
2025-01-29,1422.889892578125,1447.3771323409776,1403.8552878329904,1407.6224903247016,409995
2025-01-30,1443.8577880859375,1468.245913423116,1418.775618402413,1435.4804852459863,316864
2025-01-31,1519.1041259765625,1526.7377664009423,1437.9094114686998,1455.3082010652731,677944
2025-02-01,1456.4483642578125,1546.5655748418324,1442.4698149967091,1534.6689165738183,1570353
2025-02-03,1398.4520263671875,1437.5127416191322,1378.128570364986,1437.5127416191322,592688
2025-02-04,1400.2366943359375,1431.267071862657,1378.0295748255828,1422.642043075332,436871
2025-02-05,1411.53857421875,1436.3232793355348,1403.0621566611826,1415.652738452882,311546
2025-02-06,1399.2947998046875,1425.6162044204943,1393.8917826253235,1422.6420398771972,284570
2025-02-07,1349.1800537109375,1373.8656409500388,1323.5030783981297,1323.5030783981297,929762
2025-02-10,1358.9949951171875,1417.635510424687,1311.9535523413404,1350.2211127180558,1926624
2025-02-11,1315.02685546875,1367.7687813624289,1303.774623380207,1359.1932490591535,593162
2025-02-12,1291.9658203125,1315.5238328973337,1236.6490829072106,1315.5238328973337,969073
2025-02-13,1291.9658203125,1335.9010587610815,1283.4669775750963,1297.184378155655,574730
2025-02-14,1228.8460693359375,1331.9747081174166,1218.3592050012612,1294.2520401060522,722616
2025-02-17,1209.065185546875,1242.4639289444012,1188.8370871364373,1216.7191426070583,812884
2025-02-18,1227.6036376953125,1237.5437481219951,1173.1317840213958,1209.0653074817017,852286
2025-02-19,1291.369384765625,1341.8154418377585,1196.2424614832064,1216.7191846764813,1463068
2025-02-20,1291.6676025390625,1309.7089272547973,1268.3580920938791,1285.2562798412114,757395
2025-02-21,1316.070556640625,1328.9926995683654,1265.5251218411183,1291.220281779586,1106478
2025-02-24,1294.848388671875,1327.0046186461286,1278.3478311647948,1292.2142353857432,809959
2025-02-25,1296.83642578125,1339.926776714114,1284.262162844685,1293.2082615022719,1003002
2025-02-27,1287.244140625,1305.533965809833,1262.493244464057,1297.1842498190153,592297
2025-02-28,1260.9527587890625,1287.194553287329,1242.6131822180882,1279.2424649328873,702560
2025-03-03,1210.4569091796875,1286.2502488019015,1192.415585054225,1260.9527170964761,773997
2025-03-04,1254.2928466796875,1300.0671050716542,1197.8827183551855,1197.8827183551855,1787579
2025-03-05,1258.318603515625,1283.1191305010861,1241.4700435343823,1256.4299582662063,825929
2025-03-06,1280.48486328125,1293.953760252836,1252.4538028950053,1262.3939124417911,732185
2025-03-07,1327.849609375,1346.8849448561277,1270.4952215135004,1280.4353318076414,1610855
2025-03-10,1293.6556396484375,1341.914924928795,1280.2862394876206,1331.9748143737668,849285
2025-03-11,1265.1275634765625,1280.3856088212585,1253.4479336428562,1275.316176735753,610842
2025-03-12,1274.570556640625,1288.63583602757,1255.4358456128753,1265.425704321496,479031
2025-03-13,1283.9144287109375,1314.4305201639393,1261.499430444128,1288.8844840836898,893210
2025-03-17,1287.9400634765625,1306.1305141499631,1275.564674492344,1297.2837915747068,653082
2025-03-18,1287.9400634765625,1287.9400634765625,1287.9400634765625,1287.9400634765625,0
2025-03-19,1447.975830078125,1466.1165315161027,1334.3106921852734,1341.9149008915062,4134078
2025-03-20,1441.81298828125,1485.996729700124,1403.5933129979758,1465.172247312349,2784245
2025-03-21,1429.6363525390625,1465.8680057590077,1406.5753453619766,1446.385413993644,1354114
2025-03-24,1476.1561279296875,1510.8967648758419,1437.3399486910969,1443.7512712958292,2012055
2025-03-25,1448.7213134765625,1505.9764453360442,1439.3279578673355,1491.0165309399192,1197136
2025-03-26,1443.1549072265625,1489.9231752937606,1436.992087301146,1448.7213447945578,1523799
2025-03-27,1416.416015625,1466.1663178616984,1410.8993270291328,1436.345985972986,1330906
2025-03-28,1399.4681396484375,1459.208177696361,1392.7088161751851,1425.4615520952764,1019725
2025-04-01,1385.552001953125,1426.405831105799,1373.7232464029369,1399.169904557604,832732
2025-04-02,1403.09619140625,1406.5752296975234,1354.2405294195225,1391.6153165093574,620582
2025-04-03,1452.3990478515625,1458.164238256315,1382.818284992951,1388.6332244782907,1334533
2025-04-04,1382.4207763671875,1446.3853589368236,1372.2819128633723,1444.3477092226183,1203309
2025-04-07,1330.284912109375,1336.9447369846855,1217.2161657658746,1227.5537826458979,1232611
2025-04-08,1370.7908935546875,1380.681254292001,1334.9567491102646,1380.631505207198,982627
2025-04-09,1351.7554931640625,1389.6272854746026,1324.5195693096623,1371.7350886659167,1011126
2025-04-11,1392.6094970703125,1432.6681913818359,1372.2322703108969,1387.689190851906,1114448
2025-04-15,1433.960205078125,1475.1122836194515,1407.8177892973022,1411.4955813609308,1914695
2025-04-16,1438.03564453125,1467.1602149490616,1422.4297205908586,1434.3578524197128,990326
2025-04-17,1441.1171875,1471.0368941487113,1426.4057762545044,1441.1171875,888593
2025-04-21,1478.2930908203125,1557.4164624295797,1446.3853624164753,1455.8284667897149,4599914
2025-04-22,1479.9830322265625,1499.8632526303331,1463.780604061795,1485.9470983476938,1174127
2025-04-23,1476.8021240234375,1510.3997450384336,1447.9758044406046,1487.040486066138,1076643
2025-04-24,1468.7506103515625,1519.8427993591472,1463.1841730913438,1476.5039445870598,1393914
2025-04-25,1407.0225830078125,1472.329057752665,1394.796199063432,1461.196182989392,1279388
2025-04-28,1493.1038818359375,1508.908680823876,1395.4920512827603,1407.0225544836603,4568287
2025-04-29,1642.5037841796875,1659.7001015035235,1500.9565949327525,1505.9266498828608,11869691
2025-04-30,1581.8690185546875,1706.7167671173236,1565.5672150319072,1663.8749202944541,5602923
2025-05-02,1522.6260986328125,1589.4235893101536,1516.860786295994,1585.4475453093778,2752231
2025-05-05,1535.44873046875,1546.6811032115706,1499.2668274392997,1531.2739328389619,2055329
2025-05-06,1473.820068359375,1574.2151798494958,1466.166232157703,1535.7470024973907,1810284
2025-05-07,1448.8704833984375,1525.8069629992783,1434.7555750125764,1461.1962446963773,3200758
2025-05-08,1434.7554931640625,1490.519485665703,1427.3997875398131,1455.9278545350342,1375538
2025-05-09,1475.708740234375,1483.064446071208,1409.4082535469129,1417.6584722329094,3264692
2025-05-12,1511.6920166015625,1529.7829687357776,1495.9865938579242,1519.8428584775854,1522100
2025-05-13,1567.555419921875,1582.9625911386086,1525.8069559797577,1526.204584666102,3242545
2025-05-14,1689.2222900390625,1787.231748768181,1630.1780133369393,1630.1780133369393,21390019
2025-05-15,1801.247314453125,1821.0281576826999,1710.0965540043733,1715.6629913538973,20187233
2025-05-16,2023.4088134765625,2055.6147948788757,1824.5072321084026,1838.9203919370987,33598999
2025-05-19,1970.32861328125,2181.8542088024387,1943.2915618263178,2077.4830507503857,19775890
2025-05-20,1806.71435546875,2029.7704464250276,1799.159896194564,1987.027973753002,13599661
2025-05-21,1827.7874755859375,1839.9143612519044,1747.371961407081,1806.7143695795123,9293058
2025-05-22,1892.3980712890625,1919.4351202525274,1809.7956653140127,1829.8747590544208,10045412
2025-05-23,1903.5311279296875,1943.2915692441459,1888.6209624367657,1911.4832161925792,5503083
2025-05-26,1873.3131103515625,1913.3718022732064,1863.2736234978684,1903.5310690842452,2623641
2025-05-27,1914.0675048828125,1941.3034298043394,1873.9094373153787,1876.5933397453741,4139318
2025-05-28,1940.8065185546875,1962.8735146857864,1925.3993477287731,1927.3873697708266,3437727
2025-05-29,1967.3465576171875,1997.9621454968128,1941.3035174901868,1951.9393868434558,3442627
2025-05-30,1935.438720703125,1981.5608536282832,1897.4675504735292,1963.1716508231048,3804068
2025-06-02,1911.483154296875,1938.222074482863,1889.6149122820382,1931.9597566429209,1608601
2025-06-03,2022.51416015625,2037.7225771949109,1915.2604688962572,1915.2604688962572,10032378
2025-06-04,2074.20263671875,2161.973853658126,2039.9092583503798,2042.6925375942292,13208301
2025-06-05,2336.720947265625,2365.746017941656,2029.0745638400188,2095.37504446261,23864711
2025-06-06,2378.17138671875,2529.7580686308124,2349.4445650540174,2406.500701043299,18534152
2025-06-09,2287.517333984375,2404.1148611552394,2277.080219528541,2392.186730348572,6984192
2025-06-10,2244.675537109375,2316.0455737104803,2227.578596860595,2301.135409072859,5306794
2025-06-11,2181.6552734375,2269.227492197955,2151.0396877562944,2254.416826169721,4955277
2025-06-12,2115.35498046875,2236.5248285531975,2099.4508039101497,2186.824276807571,5643346
2025-06-13,2148.654296875,2217.241056583757,2047.662681159993,2074.500978437333,9928649
2025-06-16,2174.896240234375,2204.7165725959067,2093.387331779522,2159.290314834204,5637883
2025-06-17,2179.07080078125,2230.2623657569925,2152.829008234001,2180.760570895243,4868682
2025-06-18,2130.66259765625,2195.7703187416173,2122.41225774638,2181.655410950407,3417182
2025-06-19,2073.208740234375,2178.8721604180814,2058.5968267453677,2131.1596313578316,4480331
2025-06-20,2166.148681640625,2196.764268396504,2067.5428408437688,2077.4829506555175,5195062
2025-06-23,2217.738037109375,2235.530736921445,2153.4253313263985,2166.943977985216,5685325
2025-06-24,2152.531005859375,2264.3572529889893,2141.0998783750147,2240.500986934672,4473394
2025-06-25,2121.2197265625,2172.908304716788,2098.357470840411,2164.8567175867406,3065799
2025-06-26,2078.675537109375,2168.9317749988177,2031.8576481771988,2130.4636018606043,3050446
2025-06-27,2031.9571533203125,2114.062555583607,2010.9835463587474,2092.29356998013,2745762
2025-06-30,2053.427978515625,2081.0615329344837,2033.547758455794,2052.1357156760428,2414088
2025-07-01,2032.951171875,2079.570431621162,2024.4027018657423,2072.512856716356,1893630
2025-07-02,2013.17041015625,2047.5630431558398,1992.9919394900617,2043.089993915089,1503047
2025-07-03,2003.3297119140625,2035.7344449238126,1992.9919736680881,2017.7428708258765,1424216
2025-07-04,2044.97900390625,2061.4794419083337,2018.8364644716835,2018.8364644716835,1972155
2025-07-07,2039.412353515625,2061.578847713816,2017.842362998576,2052.632748567517,1408214
2025-07-08,2009.3931884765625,2053.229169600292,1997.9620622497603,2041.2015397163595,1058542
2025-07-09,2024.1046142578125,2051.6386699653567,2006.8087988768864,2009.8902086579221,1324846
2025-07-10,2005.6160888671875,2028.9753490292373,1994.9802189461213,2028.776595350789,796413
2025-07-11,1970.9249267578125,2011.8781286673268,1959.1955492111172,2004.9200521353746,1223384
2025-07-14,1917.2484130859375,1964.3644361305228,1908.501067988631,1963.171671498722,1261712
2025-07-15,1912.57666015625,1941.8999864857085,1908.5012390698346,1918.44134968999,1000338
2025-07-16,1926.393310546875,1931.3633655276462,1900.8472764814048,1912.576533432485,696644
2025-07-17,1901.1453857421875,1928.3813110004526,1893.5909265236403,1927.3873000154008,883285
2025-07-18,1856.0172119140625,1922.417192432425,1845.580096856906,1908.4016621949463,1285301
2025-07-21,1865.0628662109375,1887.6268671136224,1819.040108908862,1853.8304935054796,1051368
2025-07-22,1829.07958984375,1900.5490039570525,1824.010158086397,1870.728674397057,1125190
2025-07-23,1859.496337890625,1865.1622734207544,1812.6784438387629,1838.224599462187,939802
2025-07-24,1843.6917724609375,1857.806681052553,1829.2786120140343,1856.3156644545975,715445
2025-07-25,1797.569580078125,1843.8904700442738,1789.2198631157373,1832.16109129482,862339
2025-07-28,1742.8988037109375,1809.0005311165298,1732.7598193354163,1789.2196891739284,975392
2025-07-29,1754.9263916015625,1767.3515288969575,1706.7168588954307,1729.5791115189572,1124026
2025-07-30,1775.5023193359375,1782.2616423658214,1747.5706357674867,1767.3514780403962,614104
2025-07-31,1760.19482421875,1793.9912000789398,1731.1696286176314,1739.5193457450555,967856
2025-08-01,1708.4066162109375,1762.2820839229923,1699.7587692539344,1756.417394895732,622282
2025-08-04,1731.4678955078125,1745.2846735561507,1699.2619127875992,1707.1146244558697,545030
2025-08-05,1723.3167724609375,1750.3539436846797,1716.6569474887115,1733.6545108306264,468455
2025-08-06,1696.8760986328125,1736.4377836815652,1691.5084151395765,1734.5491385751561,482772
2025-08-07,1682.5625,1703.3373557586006,1650.1577631865798,1684.848774010756,676296
2025-08-08,1631.1719970703125,1694.689322138154,1620.2378764318155,1682.6618137036533,607511
2025-08-11,1650.058349609375,1724.6091786579914,1618.051242206865,1639.223604853128,1500416
2025-08-12,1657.215087890625,1670.0378540370102,1637.4343660951188,1668.944466206687,524016
2025-08-13,1673.0198974609375,1713.6749718141666,1655.127699379351,1669.9384876147333,1062304
2025-08-14,1680.87255859375,1687.9300122478528,1645.9827976418205,1674.9084927442157,524503
2025-08-18,1711.388671875,1714.6689566756374,1684.3516214996334,1694.7887368880938,634683
2025-08-19,1697.1744384765625,1722.5217194665604,1690.2163613420535,1711.6869750892631,612383
2025-08-20,1703.5360107421875,1722.024590101977,1682.8605344938726,1705.6234094645588,566398
2025-08-21,1697.1744384765625,1754.429448915534,1690.8127436857355,1703.7348869355383,1151434
2025-08-22,1695.2857666015625,1711.6869481605925,1684.9480278965088,1697.1744117762066,476216
2025-08-25,1673.41748046875,1721.6270128731067,1665.6641463092642,1707.7108591893748,543870
2025-08-26,1632.066650390625,1676.896521267512,1625.307327198964,1673.4174828416458,490027
2025-08-28,1594.791259765625,1635.048704939933,1590.5169639645117,1632.1660487954077,486553
2025-08-29,1598.568359375,1634.1539998788558,1584.4534524372846,1595.3875728744304,648405
2025-09-01,1663.875,1685.8426183414379,1599.463040103149,1599.463040103149,1024508
2025-09-02,1728.38623046875,1759.399322533654,1654.1335421887957,1671.926361865314,1489890
2025-09-03,1727.7899169921875,1758.803133809347,1709.698964853272,1731.5672074269767,942487
2025-09-04,1666.1611328125,1743.495234509443,1659.0043023923947,1730.0760864673234,752683
2025-09-05,1642.3050537109375,1668.944599123653,1638.0308788812301,1664.9685548136504,593564
2025-09-08,1643.000732421875,1668.3480117841643,1635.3467752618824,1650.058185937255,713266
2025-09-09,1619.740966796875,1654.4319758706204,1615.3672940148172,1643.1002259068637,561567
2025-09-10,1633.35888671875,1642.9014897409938,1620.1386127362143,1620.2379895720214,579311
2025-09-11,1641.3109130859375,1699.7588083654243,1630.178038432337,1635.1480934275573,1742965
2025-09-12,1737.612548828125,1746.8695127969995,1634.0943554771916,1647.5318132679377,3420414
2025-09-15,1799.425048828125,1819.5314196335353,1741.8927704369182,1745.7747271977084,3956682
2025-09-16,1813.1610107421875,1844.4155675971401,1753.8371452272859,1799.4250151977678,2590456
2025-09-17,1881.741943359375,1914.8877241558828,1811.6680588031913,1813.1611098029475,4562028
2025-09-18,1898.5635986328125,1931.0125480779047,1885.623823826105,1909.1144676357842,4942852
2025-09-19,1891.994140625,1903.1422053599192,1865.21873697039,1897.0704893613508,1683827
2025-09-22,1913.9918212890625,1970.7277578579542,1902.1469260202114,1940.966251041032,2784165
2025-09-23,1876.66552734375,1916.082048030854,1867.3090504446138,1915.0866807331754,1479948
2025-09-24,1886.220947265625,1901.151456083031,1858.0520053615357,1886.220947265625,1939287
2025-09-25,1917.9732666015625,1967.8411438207963,1883.8321197532841,1895.9756736650716,4982811
2025-09-26,1865.517333984375,1927.628277436644,1847.7998690524244,1926.0357140670571,1526837
2025-09-29,1763.7908935546875,1880.149357729543,1746.8696490905625,1871.290564267953,2609772
2025-09-30,1781.309326171875,1796.4389822928968,1754.4344086133333,1772.151995457551,1196621
2025-10-01,1852.975830078125,1920.9594685243155,1765.9806995928434,1781.7075522875825,4285387
2025-10-03,1852.8763427734375,1881.244312566101,1823.513005619628,1852.9758552085912,1506063
2025-10-06,1844.4156494140625,1873.579960578223,1828.4897722469686,1856.360057289383,1226229
2025-10-07,1831.27685546875,1866.1147118881102,1825.3046515111453,1844.41565557356,745956
2025-10-08,1788.4759521484375,1833.9641876026622,1781.7074061377289,1831.4757694376653,1043352
2025-10-09,1776.9295654296875,1801.6147218223186,1772.2513879583637,1790.5661696524328,901095
2025-10-10,1768.0709228515625,1796.6379147782523,1763.0940865225368,1777.3277655206741,851632
2025-10-13,1751.9459228515625,1766.677407177506,1742.390421277478,1766.677407177506,456844
2025-10-14,1776.2330322265625,1798.6287975530392,1755.2308054880273,1757.8187362914593,1373139
2025-10-15,1786.88330078125,1806.3925967640023,1769.2653484450655,1787.1819595685597,926136
2025-10-16,1782.7027587890625,1806.3925481275398,1774.5407958767023,1790.6656968517718,586614
2025-10-17,1783.6981201171875,1815.5498722621373,1764.7861422811236,1776.7305493354797,1101864
2025-10-20,1788.675048828125,1798.4296970285504,1770.7584373206646,1791.661150746035,571723
2025-10-21,1800.42041015625,1806.093955130658,1792.4574718035108,1792.4574718035108,188901
2025-10-23,1784.096435546875,1826.3995472841834,1774.9389831620356,1812.5639170267857,906858
2025-10-24,1815.8486328125,1855.3646664301498,1791.760670999959,1801.6148316730532,3072570
2025-10-27,1811.767578125,1820.4273468593965,1799.6241452160602,1818.4366121854848,612659
2025-10-28,1802.5106201171875,1829.7837077156032,1798.3300046650656,1820.8254022529347,578915
2025-10-29,1796.1402587890625,1817.5406553332382,1792.6564733051268,1803.6055133974958,465217
2025-10-30,1774.2423095703125,1798.628809757955,1771.7538911838185,1796.140391371461,507176
2025-10-31,1781.2098388671875,1793.6519305049858,1767.7723798983654,1774.6404387833902,543761
2025-11-03,1778.7213134765625,1789.471328606486,1775.2375280276715,1781.2097316543416,313736
2025-11-04,1760.506103515625,1783.3995515275567,1754.2353623978443,1779.1195450195091,438411
2025-11-06,1694.8118896484375,1766.776995591933,1690.6313955002245,1763.6913811963664,838981
2025-11-07,1717.804931640625,1726.9622621811072,1658.6800898332922,1691.129039449972,745707
2025-11-10,1746.9691162109375,1781.7074591284231,1717.8049273526633,1721.7863965350732,1057367
2025-11-11,1746.3719482421875,1774.142720537423,1734.626565363119,1746.7701194677963,831651
2025-11-12,1783.6981201171875,1796.6378944260734,1740.1009857668707,1751.7468555477433,1284377
2025-11-13,1699.390625,1736.318727205436,1637.6778529407948,1640.3652960253255,3234178
2025-11-14,1717.3072509765625,1742.888141979946,1688.6406241399077,1699.3906395798526,1494958
2025-11-17,1713.723876953125,1746.4714862867627,1709.6428952165782,1720.3929109416874,878395
2025-11-18,1706.0416259765625,1725.2969983064816,1698.1598888440353,1721.0069033974096,471434
2025-11-19,1695.366455078125,1710.0323783359215,1690.4777733962794,1701.15295598118,332103
2025-11-20,1720.7076416015625,1766.9005157713261,1696.0648655060725,1696.0648655060725,1911722
2025-11-21,1693.37109375,1722.4037079422164,1691.0763691357813,1721.0069243417242,533296
2025-11-24,1663.540283203125,1698.7584967667099,1652.8649787704903,1693.3710942582159,663284
2025-11-25,1678.6053466796875,1696.563680254864,1656.157429710717,1663.5403245380605,730729
2025-11-26,1673.3175048828125,1697.7607913502277,1667.630748174877,1678.6052849561654,588822
2025-11-27,1672.120361328125,1690.8768914232746,1666.533348678849,1676.1111020472852,717426
2025-11-28,1662.2432861328125,1683.0949311549364,1654.6609029759704,1677.1088199593646,393249
2025-12-01,1662.9417724609375,1679.0044801362103,1657.2548936375388,1666.1343164480147,311598
2025-12-02,1636.10400390625,1671.1227304982463,1630.2176367964983,1661.1458783758687,446369
2025-12-03,1618.64453125,1644.085504453746,1608.767423178055,1636.2037668291537,479589
2025-12-04,1636.602783203125,1644.185166165271,1610.2638702613758,1618.6444500775335,438905
2025-12-05,1640.1944580078125,1648.1759395552958,1619.243068945669,1641.3916315248377,399327
2025-12-08,1612.25927734375,1656.1574259842976,1598.790527192673,1654.1620555915454,1002488
2025-12-09,1614.1549072265625,1621.2384477793112,1557.386595066772,1611.2615957929768,883922
2025-12-10,1615.0528564453125,1645.0831567187738,1601.2847519193197,1622.1363970339487,518851
2025-12-11,1593.30322265625,1615.352040641033,1588.6141510541988,1611.2615557857505,395649
2025-12-12,1595.3983154296875,1610.1641045167744,1591.3078306301297,1598.2916267520175,309330
2025-12-15,1583.925048828125,1595.3984289878852,1578.73713434055,1591.3079438971724,287603
2025-12-16,1556.7879638671875,1583.9249517803034,1547.4096989101838,1581.330994695449,343460
2025-12-17,1499.3214111328125,1561.377383672958,1491.5394176300783,1561.377383672958,923611
2025-12-18,1502.6136474609375,1514.0870272006046,1473.6807768130814,1499.3213593908965,732285
2025-12-19,1544.716064453125,1551.101152387989,1506.504672068992,1506.504672068992,606429
2025-12-22,1662.44287109375,1680.500948569637,1547.309976483248,1553.794930180338,3641800
2025-12-23,1642.988037109375,1682.895445134497,1638.5981978690627,1674.0160224913586,1300532
2025-12-24,1645.4822998046875,1673.118131981592,1631.2153522897452,1640.1945193665695,1155083
2025-12-26,1648.275634765625,1693.0717229780428,1642.1897796239589,1647.1782054429868,1507690
2025-12-29,1633.6097412109375,1684.5914296488015,1626.3265906679248,1657.155087146378,1000304
2025-12-30,1610.6629638671875,1636.8022666233205,1599.3890727236603,1635.2059947078167,595261
2025-12-31,1616.3497314453125,1631.2152649451746,1610.8624629699618,1610.8624629699618,407077
2026-01-01,1618.843994140625,1630.2176298693557,1603.5794835308968,1618.245407373375,312028
2026-01-02,1625.2291259765625,1639.0969740609821,1615.651372796127,1618.8439165936923,442322
2026-01-05,1626.226806640625,1662.7420590456825,1617.3473843817878,1626.226806640625,1034202
2026-01-06,1601.4842529296875,1629.5193048055721,1598.2917089676966,1626.8254816616309,598317
2026-01-07,1604.477294921875,1614.2546586274232,1586.4192171031839,1597.294010174601,447929
2026-01-08,1576.74169921875,1629.2199158746785,1569.3588044524613,1604.4772744383981,672046
2026-01-09,1565.3680419921875,1633.011145676736,1557.3865605798628,1576.7416773622986,1117017
2026-01-12,1558.98291015625,1575.3449722240427,1516.6810322063639,1566.1663168577857,1000834
2026-01-13,1543.7183837890625,1578.8368546852894,1535.0384493352067,1565.368104266173,551763
2026-01-14,1530.84814453125,1556.2891162885685,1522.0684663469617,1543.4189532773182,468787
2026-01-15,1530.84814453125,1530.84814453125,1530.84814453125,1530.84814453125,0
2026-01-16,1523.066162109375,1538.9293807318413,1516.9803069061684,1531.4467419276345,458849
2026-01-19,1502.9129638671875,1521.0707852391035,1497.5254395937127,1508.4999764594893,476722
2026-01-20,1433.5738525390625,1507.4025555005992,1421.701374597159,1500.5185034344752,901653
2026-01-21,1463.903564453125,1476.574117966523,1405.7384677127238,1433.6736537283066,1112063
2026-01-22,1494.73193359375,1501.5162417399656,1459.6134629007108,1472.6831148001675,764865
2026-01-23,1484.9547119140625,1500.5185770525366,1470.5880203294143,1495.5301509320163,444823
2026-01-27,1519.5743408203125,1541.2241832609338,1454.425568744176,1486.5509842525207,844991
2026-01-28,1619.143310546875,1628.2222213697585,1522.4675917954971,1522.567335956415,1844824
2026-01-29,1606.47265625,1651.169001811723,1598.291686345849,1625.2291866775208,1713970
2026-01-30,1656.0576171875,1662.1434722903189,1571.3541229635368,1604.2777331589632,1986637
2026-02-02,1508.5,1594.101437603986,1479.8664839002822,1556.289144727919,1535114
2026-02-03,1508.5,1578.0,1487.199951171875,1578.0,1244801
2026-02-04,1502.199951171875,1517.0,1495.5999755859375,1508.5,580219
2026-02-05,1482.9000244140625,1503.5,1476.699951171875,1502.199951171875,468641
2026-02-06,1490.0999755859375,1496.0,1472.0999755859375,1481.800048828125,461400
2026-02-09,1524.4000244140625,1544.9000244140625,1488.5999755859375,1490.199951171875,759480
